transaction_id,customer_id,timestamp,amount,transaction_type,country
TXN_100000,CUST_1042,2026-06-15 00:00:00,9693.8,CASH_DEPOSIT,US
TXN_100001,CUST_1042,2026-06-15 02:00:00,9415.08,CASH_DEPOSIT,US
TXN_100002,CUST_1042,2026-06-15 04:00:00,9619.71,CASH_DEPOSIT,CA
TXN_100003,CUST_1042,2026-06-15 06:00:00,9409.51,CASH_DEPOSIT,US
TXN_100004,CUST_1042,2026-06-15 08:00:00,9461.65,CASH_DEPOSIT,US
TXN_100005,CUST_1042,2026-06-15 10:00:00,9892.38,CASH_DEPOSIT,US
TXN_100006,CUST_1042,2026-06-15 12:00:00,9354.98,CASH_DEPOSIT,US
TXN_100007,CUST_1042,2026-06-15 14:00:00,9855.58,CASH_DEPOSIT,US
TXN_100008,CUST_1042,2026-06-15 16:00:00,9222.84,CASH_DEPOSIT,US
TXN_100009,CUST_1042,2026-06-15 18:00:00,9268.16,CASH_DEPOSIT,US
TXN_100010,CUST_1042,2026-06-15 20:00:00,9841.01,CASH_DEPOSIT,US
TXN_100011,CUST_1042,2026-06-15 22:00:00,9672.92,CASH_DEPOSIT,MX
TXN_100012,CUST_1094,2026-06-17 14:00:00,1277.5,PAYMENT,US
TXN_100013,CUST_1061,2026-06-09 20:00:00,2073.45,PAYMENT,US
TXN_100014,CUST_1023,2026-05-26 12:00:00,537.05,CASH_DEPOSIT,US
TXN_100015,CUST_1088,2026-05-07 08:00:00,763.5,PAYMENT,US
TXN_100016,CUST_1062,2026-05-11 18:00:00,1873.77,CASH_DEPOSIT,CA
TXN_100017,CUST_1004,2026-06-11 06:00:00,194.73,WIRE_TRANSFER,MX
TXN_100018,CUST_1071,2026-05-12 01:00:00,108.5,CASH_DEPOSIT,US
TXN_100019,CUST_1087,2026-06-06 02:00:00,1532.33,PAYMENT,MX
TXN_100020,CUST_1064,2026-06-04 04:00:00,1883.69,ATM_WITHDRAWAL,CA
TXN_100021,CUST_1089,2026-06-24 13:00:00,71.91,ATM_WITHDRAWAL,CA
TXN_100022,CUST_1089,2026-06-11 12:00:00,57.9,ATM_WITHDRAWAL,US
TXN_100023,CUST_1051,2026-06-01 03:00:00,235.07,WIRE_TRANSFER,US
TXN_100024,CUST_1014,2026-06-12 03:00:00,130.16,CASH_DEPOSIT,US
TXN_100025,CUST_1085,2026-05-28 01:00:00,2486.33,WIRE_TRANSFER,US
TXN_100026,CUST_1005,2026-05-28 11:00:00,818.09,PAYMENT,MX
TXN_100027,CUST_1091,2026-05-25 06:00:00,184.89,WIRE_TRANSFER,US
TXN_100028,CUST_1061,2026-06-26 19:00:00,2967.02,CASH_DEPOSIT,US
TXN_100029,CUST_1071,2026-05-27 08:00:00,386.75,WIRE_TRANSFER,US
TXN_100030,CUST_1043,2026-05-24 14:00:00,595.58,ATM_WITHDRAWAL,US
TXN_100031,CUST_1051,2026-06-18 16:00:00,4933.01,WIRE_TRANSFER,US
TXN_100032,CUST_1001,2026-05-03 16:00:00,512.87,CASH_DEPOSIT,US
TXN_100033,CUST_1001,2026-05-02 21:00:00,499.94,ATM_WITHDRAWAL,MX
TXN_100034,CUST_1018,2026-05-02 20:00:00,900.72,PAYMENT,US
TXN_100035,CUST_1067,2026-06-24 10:00:00,417.0,PAYMENT,CA
TXN_100036,CUST_1023,2026-05-05 19:00:00,1515.76,WIRE_TRANSFER,US
TXN_100037,CUST_1015,2026-06-02 08:00:00,1074.52,PAYMENT,US
TXN_100038,CUST_1002,2026-05-20 03:00:00,1872.77,ATM_WITHDRAWAL,CA
TXN_100039,CUST_1019,2026-06-01 06:00:00,4243.26,PAYMENT,US
TXN_100040,CUST_1038,2026-05-18 07:00:00,1699.08,CASH_DEPOSIT,CA
TXN_100041,CUST_1049,2026-05-23 09:00:00,399.23,ATM_WITHDRAWAL,US
TXN_100042,CUST_1059,2026-06-18 01:00:00,156.59,CASH_DEPOSIT,MX
TXN_100043,CUST_1036,2026-06-01 22:00:00,500.41,CASH_DEPOSIT,CA
TXN_100044,CUST_1079,2026-05-03 19:00:00,787.55,PAYMENT,MX
TXN_100045,CUST_1074,2026-06-18 07:00:00,3442.35,PAYMENT,US
TXN_100046,CUST_1098,2026-06-17 02:00:00,17.61,CASH_DEPOSIT,US
TXN_100047,CUST_1081,2026-05-02 21:00:00,1593.16,ATM_WITHDRAWAL,US
TXN_100048,CUST_1032,2026-05-04 00:00:00,600.45,WIRE_TRANSFER,CA
TXN_100049,CUST_1007,2026-05-07 02:00:00,562.39,CASH_DEPOSIT,US
TXN_100050,CUST_1058,2026-06-20 21:00:00,442.45,ATM_WITHDRAWAL,US
TXN_100051,CUST_1050,2026-06-23 07:00:00,864.79,ATM_WITHDRAWAL,US
TXN_100052,CUST_1096,2026-05-28 14:00:00,3004.5,PAYMENT,US
TXN_100053,CUST_1047,2026-05-19 03:00:00,2205.11,ATM_WITHDRAWAL,US
TXN_100054,CUST_1043,2026-05-28 13:00:00,3234.72,CASH_DEPOSIT,CA
TXN_100055,CUST_1036,2026-05-24 16:00:00,5111.26,WIRE_TRANSFER,CY
TXN_100056,CUST_1096,2026-06-21 20:00:00,2867.09,PAYMENT,US
TXN_100057,CUST_1017,2026-05-25 09:00:00,2798.9,ATM_WITHDRAWAL,CY
TXN_100058,CUST_1045,2026-05-24 17:00:00,1678.2,PAYMENT,US
TXN_100059,CUST_1026,2026-06-11 01:00:00,2035.05,WIRE_TRANSFER,US
TXN_100060,CUST_1042,2026-06-23 15:00:00,531.34,ATM_WITHDRAWAL,CA
TXN_100061,CUST_1098,2026-06-19 23:00:00,137.67,CASH_DEPOSIT,US
TXN_100062,CUST_1035,2026-06-14 19:00:00,120.37,CASH_DEPOSIT,US
TXN_100063,CUST_1013,2026-05-12 18:00:00,52.01,ATM_WITHDRAWAL,US
TXN_100064,CUST_1031,2026-05-23 21:00:00,949.91,ATM_WITHDRAWAL,US
TXN_100065,CUST_1021,2026-06-27 21:00:00,67.1,CASH_DEPOSIT,CA
TXN_100066,CUST_1053,2026-06-12 04:00:00,2649.25,CASH_DEPOSIT,US
TXN_100067,CUST_1004,2026-06-08 03:00:00,89.6,WIRE_TRANSFER,US
TXN_100068,CUST_1046,2026-06-04 22:00:00,1952.44,PAYMENT,KY
TXN_100069,CUST_1029,2026-05-19 16:00:00,483.78,PAYMENT,US
TXN_100070,CUST_1054,2026-05-26 04:00:00,4941.07,WIRE_TRANSFER,CA
TXN_100071,CUST_1008,2026-05-12 20:00:00,295.46,CASH_DEPOSIT,US
TXN_100072,CUST_1033,2026-06-01 21:00:00,312.93,PAYMENT,CY
TXN_100073,CUST_1000,2026-05-16 06:00:00,1222.35,PAYMENT,US
TXN_100074,CUST_1066,2026-05-12 15:00:00,2137.27,ATM_WITHDRAWAL,US
TXN_100075,CUST_1077,2026-05-28 04:00:00,72.37,ATM_WITHDRAWAL,MX
TXN_100076,CUST_1068,2026-05-12 15:00:00,2171.85,WIRE_TRANSFER,CA
TXN_100077,CUST_1099,2026-06-02 04:00:00,83.88,ATM_WITHDRAWAL,CY
TXN_100078,CUST_1099,2026-06-03 19:00:00,33.13,ATM_WITHDRAWAL,CY
TXN_100079,CUST_1095,2026-05-01 23:00:00,1737.85,CASH_DEPOSIT,US
TXN_100080,CUST_1079,2026-06-24 01:00:00,3038.35,CASH_DEPOSIT,US
TXN_100081,CUST_1083,2026-05-24 11:00:00,1287.75,WIRE_TRANSFER,US
TXN_100082,CUST_1060,2026-06-20 10:00:00,1485.01,CASH_DEPOSIT,CA
TXN_100083,CUST_1039,2026-05-10 10:00:00,490.23,PAYMENT,US
TXN_100084,CUST_1045,2026-05-02 18:00:00,1733.31,WIRE_TRANSFER,US
TXN_100085,CUST_1007,2026-05-29 09:00:00,634.69,WIRE_TRANSFER,US
TXN_100086,CUST_1006,2026-05-04 20:00:00,1497.1,WIRE_TRANSFER,MX
TXN_100087,CUST_1035,2026-05-25 20:00:00,507.0,CASH_DEPOSIT,US
TXN_100088,CUST_1072,2026-05-24 02:00:00,1983.18,CASH_DEPOSIT,US
TXN_100089,CUST_1095,2026-05-24 22:00:00,1247.85,WIRE_TRANSFER,US
TXN_100090,CUST_1054,2026-05-13 22:00:00,418.18,CASH_DEPOSIT,US
TXN_100091,CUST_1061,2026-05-20 15:00:00,588.6,CASH_DEPOSIT,MX
TXN_100092,CUST_1048,2026-06-05 11:00:00,3546.86,CASH_DEPOSIT,US
TXN_100093,CUST_1070,2026-05-28 13:00:00,4521.92,ATM_WITHDRAWAL,US
TXN_100094,CUST_1015,2026-06-22 04:00:00,1393.62,ATM_WITHDRAWAL,US
TXN_100095,CUST_1084,2026-06-05 20:00:00,2290.05,ATM_WITHDRAWAL,US
TXN_100096,CUST_1052,2026-06-11 06:00:00,1206.19,WIRE_TRANSFER,US
TXN_100097,CUST_1086,2026-05-29 10:00:00,196.76,ATM_WITHDRAWAL,US
TXN_100098,CUST_1073,2026-06-27 11:00:00,169.91,CASH_DEPOSIT,US
TXN_100099,CUST_1012,2026-06-09 09:00:00,2597.78,CASH_DEPOSIT,CA
TXN_100100,CUST_1004,2026-05-29 04:00:00,6483.19,WIRE_TRANSFER,US
TXN_100101,CUST_1064,2026-05-22 19:00:00,4423.25,CASH_DEPOSIT,KY
TXN_100102,CUST_1003,2026-06-05 05:00:00,140.79,PAYMENT,CA
TXN_100103,CUST_1053,2026-06-08 09:00:00,611.28,WIRE_TRANSFER,US
TXN_100104,CUST_1044,2026-05-13 17:00:00,1281.1,PAYMENT,CA
TXN_100105,CUST_1071,2026-06-10 06:00:00,1724.03,CASH_DEPOSIT,US
TXN_100106,CUST_1062,2026-06-29 16:00:00,3054.25,CASH_DEPOSIT,US
TXN_100107,CUST_1005,2026-06-27 11:00:00,5263.79,CASH_DEPOSIT,US
TXN_100108,CUST_1020,2026-05-16 21:00:00,7445.24,CASH_DEPOSIT,US
TXN_100109,CUST_1098,2026-05-19 19:00:00,1120.67,CASH_DEPOSIT,US
TXN_100110,CUST_1013,2026-05-15 00:00:00,1800.66,CASH_DEPOSIT,US
TXN_100111,CUST_1086,2026-06-26 10:00:00,4790.43,PAYMENT,US
TXN_100112,CUST_1075,2026-05-24 20:00:00,288.92,PAYMENT,US
TXN_100113,CUST_1007,2026-06-27 17:00:00,131.38,PAYMENT,KY
TXN_100114,CUST_1063,2026-05-27 21:00:00,1162.12,ATM_WITHDRAWAL,US
TXN_100115,CUST_1083,2026-05-13 15:00:00,224.39,CASH_DEPOSIT,US
TXN_100116,CUST_1005,2026-05-18 18:00:00,1315.41,PAYMENT,MX
TXN_100117,CUST_1009,2026-06-25 17:00:00,79.41,ATM_WITHDRAWAL,US
TXN_100118,CUST_1032,2026-06-23 00:00:00,6556.41,WIRE_TRANSFER,US
TXN_100119,CUST_1084,2026-05-26 21:00:00,2778.87,ATM_WITHDRAWAL,CA
TXN_100120,CUST_1097,2026-06-10 02:00:00,489.08,ATM_WITHDRAWAL,US
TXN_100121,CUST_1005,2026-05-28 16:00:00,12268.67,CASH_DEPOSIT,KY
TXN_100122,CUST_1052,2026-05-23 04:00:00,4354.26,CASH_DEPOSIT,CA
TXN_100123,CUST_1016,2026-05-21 13:00:00,217.44,CASH_DEPOSIT,CY
TXN_100124,CUST_1076,2026-05-04 00:00:00,2132.04,CASH_DEPOSIT,US
TXN_100125,CUST_1094,2026-05-08 06:00:00,1044.23,WIRE_TRANSFER,US
TXN_100126,CUST_1002,2026-06-28 17:00:00,2552.38,PAYMENT,CY
TXN_100127,CUST_1093,2026-05-30 16:00:00,991.02,PAYMENT,US
TXN_100128,CUST_1084,2026-05-14 01:00:00,369.22,ATM_WITHDRAWAL,US
TXN_100129,CUST_1097,2026-06-07 17:00:00,1528.56,WIRE_TRANSFER,US
TXN_100130,CUST_1050,2026-06-03 19:00:00,1092.29,CASH_DEPOSIT,CA
TXN_100131,CUST_1029,2026-06-24 09:00:00,1804.21,ATM_WITHDRAWAL,CA
TXN_100132,CUST_1009,2026-06-25 16:00:00,2207.47,WIRE_TRANSFER,US
TXN_100133,CUST_1068,2026-06-03 05:00:00,650.22,CASH_DEPOSIT,US
TXN_100134,CUST_1042,2026-06-17 10:00:00,1165.9,ATM_WITHDRAWAL,US
TXN_100135,CUST_1079,2026-05-31 10:00:00,1804.34,WIRE_TRANSFER,US
TXN_100136,CUST_1003,2026-06-25 02:00:00,973.57,PAYMENT,US
TXN_100137,CUST_1049,2026-06-27 18:00:00,2597.19,ATM_WITHDRAWAL,US
TXN_100138,CUST_1041,2026-05-22 20:00:00,202.83,WIRE_TRANSFER,US
TXN_100139,CUST_1089,2026-06-15 01:00:00,1060.01,CASH_DEPOSIT,US
TXN_100140,CUST_1072,2026-05-26 14:00:00,1756.09,CASH_DEPOSIT,US
TXN_100141,CUST_1062,2026-06-17 16:00:00,3050.86,WIRE_TRANSFER,US
TXN_100142,CUST_1098,2026-06-21 14:00:00,704.18,ATM_WITHDRAWAL,US
TXN_100143,CUST_1089,2026-05-28 22:00:00,941.34,WIRE_TRANSFER,CA
TXN_100144,CUST_1013,2026-06-28 23:00:00,1884.24,ATM_WITHDRAWAL,MX
TXN_100145,CUST_1017,2026-06-27 05:00:00,769.16,ATM_WITHDRAWAL,US
TXN_100146,CUST_1027,2026-05-10 06:00:00,2765.54,CASH_DEPOSIT,US
TXN_100147,CUST_1043,2026-05-25 16:00:00,1360.6,CASH_DEPOSIT,US
TXN_100148,CUST_1066,2026-06-10 12:00:00,146.4,WIRE_TRANSFER,US
TXN_100149,CUST_1033,2026-06-16 07:00:00,857.55,PAYMENT,US
TXN_100150,CUST_1040,2026-06-06 05:00:00,1567.34,PAYMENT,US
TXN_100151,CUST_1055,2026-06-28 12:00:00,1406.25,WIRE_TRANSFER,US
TXN_100152,CUST_1021,2026-05-21 05:00:00,433.46,WIRE_TRANSFER,US
TXN_100153,CUST_1074,2026-05-30 23:00:00,2780.72,ATM_WITHDRAWAL,US
TXN_100154,CUST_1030,2026-06-09 04:00:00,8857.25,PAYMENT,MX
TXN_100155,CUST_1083,2026-05-28 10:00:00,17.97,PAYMENT,KY
TXN_100156,CUST_1093,2026-06-25 05:00:00,2589.39,ATM_WITHDRAWAL,CA
TXN_100157,CUST_1074,2026-05-08 18:00:00,2211.21,CASH_DEPOSIT,US
TXN_100158,CUST_1067,2026-05-19 19:00:00,2009.11,CASH_DEPOSIT,US
TXN_100159,CUST_1000,2026-05-26 13:00:00,147.01,PAYMENT,US
TXN_100160,CUST_1099,2026-05-13 10:00:00,89.82,ATM_WITHDRAWAL,US
TXN_100161,CUST_1009,2026-05-05 22:00:00,6911.8,WIRE_TRANSFER,US
TXN_100162,CUST_1001,2026-05-20 00:00:00,1726.21,ATM_WITHDRAWAL,CA
TXN_100163,CUST_1074,2026-05-15 23:00:00,806.14,WIRE_TRANSFER,US
TXN_100164,CUST_1048,2026-05-05 11:00:00,209.09,WIRE_TRANSFER,CA
TXN_100165,CUST_1008,2026-06-03 11:00:00,113.22,ATM_WITHDRAWAL,CA
TXN_100166,CUST_1021,2026-06-29 07:00:00,2389.08,ATM_WITHDRAWAL,US
TXN_100167,CUST_1029,2026-06-04 20:00:00,2537.65,CASH_DEPOSIT,US
TXN_100168,CUST_1025,2026-05-04 12:00:00,757.47,WIRE_TRANSFER,CA
TXN_100169,CUST_1038,2026-06-09 13:00:00,941.74,PAYMENT,US
TXN_100170,CUST_1022,2026-05-15 00:00:00,668.6,CASH_DEPOSIT,US
TXN_100171,CUST_1065,2026-05-14 20:00:00,400.15,PAYMENT,US
TXN_100172,CUST_1069,2026-05-06 02:00:00,1977.05,ATM_WITHDRAWAL,US
TXN_100173,CUST_1014,2026-06-16 00:00:00,2039.06,PAYMENT,US
TXN_100174,CUST_1028,2026-06-07 00:00:00,438.5,CASH_DEPOSIT,CA
TXN_100175,CUST_1067,2026-05-22 01:00:00,1031.77,WIRE_TRANSFER,CA
TXN_100176,CUST_1037,2026-05-13 14:00:00,925.97,PAYMENT,US
TXN_100177,CUST_1014,2026-05-29 07:00:00,1009.34,CASH_DEPOSIT,US
TXN_100178,CUST_1044,2026-05-02 18:00:00,1260.37,ATM_WITHDRAWAL,CA
TXN_100179,CUST_1026,2026-05-05 19:00:00,4804.01,ATM_WITHDRAWAL,US
TXN_100180,CUST_1005,2026-05-08 22:00:00,519.37,ATM_WITHDRAWAL,US
TXN_100181,CUST_1089,2026-05-13 07:00:00,169.37,WIRE_TRANSFER,US
TXN_100182,CUST_1059,2026-06-12 11:00:00,1259.07,PAYMENT,US
TXN_100183,CUST_1036,2026-05-08 09:00:00,1298.05,CASH_DEPOSIT,US
TXN_100184,CUST_1050,2026-05-29 13:00:00,2763.0,PAYMENT,MX
TXN_100185,CUST_1000,2026-06-15 04:00:00,281.42,CASH_DEPOSIT,US
TXN_100186,CUST_1086,2026-06-26 00:00:00,569.74,ATM_WITHDRAWAL,US
TXN_100187,CUST_1014,2026-05-21 14:00:00,2055.33,CASH_DEPOSIT,US
TXN_100188,CUST_1056,2026-06-22 08:00:00,771.67,ATM_WITHDRAWAL,US
TXN_100189,CUST_1074,2026-06-07 01:00:00,649.16,ATM_WITHDRAWAL,CA
TXN_100190,CUST_1016,2026-06-12 11:00:00,237.73,ATM_WITHDRAWAL,US
TXN_100191,CUST_1070,2026-06-21 05:00:00,3704.94,CASH_DEPOSIT,US
TXN_100192,CUST_1062,2026-06-12 21:00:00,29.77,WIRE_TRANSFER,US
TXN_100193,CUST_1070,2026-05-17 19:00:00,251.42,CASH_DEPOSIT,US
TXN_100194,CUST_1091,2026-06-09 16:00:00,1367.23,ATM_WITHDRAWAL,US
TXN_100195,CUST_1086,2026-06-20 23:00:00,654.76,ATM_WITHDRAWAL,US
TXN_100196,CUST_1048,2026-06-14 15:00:00,1338.11,PAYMENT,US
TXN_100197,CUST_1046,2026-06-19 01:00:00,881.77,WIRE_TRANSFER,US
TXN_100198,CUST_1037,2026-06-20 03:00:00,620.52,CASH_DEPOSIT,US
TXN_100199,CUST_1002,2026-06-01 09:00:00,3425.82,WIRE_TRANSFER,US
TXN_100200,CUST_1096,2026-05-23 22:00:00,2756.89,PAYMENT,MX
TXN_100201,CUST_1007,2026-05-01 22:00:00,404.14,ATM_WITHDRAWAL,US
TXN_100202,CUST_1071,2026-06-23 14:00:00,305.02,CASH_DEPOSIT,US
TXN_100203,CUST_1007,2026-06-03 02:00:00,6738.25,PAYMENT,US
TXN_100204,CUST_1045,2026-06-12 15:00:00,4344.62,PAYMENT,US
TXN_100205,CUST_1013,2026-05-31 22:00:00,146.41,PAYMENT,US
TXN_100206,CUST_1032,2026-05-23 20:00:00,206.49,ATM_WITHDRAWAL,MX
TXN_100207,CUST_1028,2026-06-29 17:00:00,3632.35,WIRE_TRANSFER,US
TXN_100208,CUST_1010,2026-06-11 01:00:00,1348.48,ATM_WITHDRAWAL,US
TXN_100209,CUST_1004,2026-06-06 05:00:00,1214.6,PAYMENT,US
TXN_100210,CUST_1043,2026-06-04 19:00:00,2173.38,WIRE_TRANSFER,US
TXN_100211,CUST_1073,2026-05-30 23:00:00,3384.31,ATM_WITHDRAWAL,CA
TXN_100212,CUST_1080,2026-06-19 18:00:00,479.35,CASH_DEPOSIT,US
TXN_100213,CUST_1024,2026-06-08 08:00:00,1563.69,WIRE_TRANSFER,US
TXN_100214,CUST_1025,2026-06-27 12:00:00,486.81,WIRE_TRANSFER,US
TXN_100215,CUST_1017,2026-05-21 09:00:00,1044.0,PAYMENT,US
TXN_100216,CUST_1036,2026-05-25 05:00:00,1920.53,WIRE_TRANSFER,US
TXN_100217,CUST_1085,2026-05-21 05:00:00,1374.77,ATM_WITHDRAWAL,US
TXN_100218,CUST_1052,2026-05-07 09:00:00,2741.23,CASH_DEPOSIT,US
TXN_100219,CUST_1061,2026-06-27 13:00:00,665.14,PAYMENT,CY
TXN_100220,CUST_1064,2026-06-20 20:00:00,2220.96,PAYMENT,US
TXN_100221,CUST_1010,2026-06-09 10:00:00,3716.75,PAYMENT,CA
TXN_100222,CUST_1098,2026-06-23 01:00:00,1644.5,ATM_WITHDRAWAL,CY
TXN_100223,CUST_1068,2026-06-25 00:00:00,57.52,WIRE_TRANSFER,US
TXN_100224,CUST_1098,2026-06-21 10:00:00,1038.86,CASH_DEPOSIT,US
TXN_100225,CUST_1097,2026-05-09 01:00:00,643.27,CASH_DEPOSIT,US
TXN_100226,CUST_1000,2026-05-25 10:00:00,865.94,PAYMENT,US
TXN_100227,CUST_1002,2026-06-19 04:00:00,1789.67,PAYMENT,US
TXN_100228,CUST_1097,2026-05-12 18:00:00,154.08,CASH_DEPOSIT,MX
TXN_100229,CUST_1060,2026-05-17 09:00:00,895.9,CASH_DEPOSIT,US
TXN_100230,CUST_1061,2026-05-16 23:00:00,1986.41,ATM_WITHDRAWAL,CA
TXN_100231,CUST_1086,2026-06-06 21:00:00,2847.66,PAYMENT,US
TXN_100232,CUST_1088,2026-05-12 14:00:00,6603.34,ATM_WITHDRAWAL,CY
TXN_100233,CUST_1046,2026-06-01 09:00:00,3900.38,PAYMENT,US
TXN_100234,CUST_1084,2026-05-22 06:00:00,202.64,WIRE_TRANSFER,CA
TXN_100235,CUST_1047,2026-05-08 17:00:00,4340.76,ATM_WITHDRAWAL,US
TXN_100236,CUST_1093,2026-06-21 06:00:00,586.51,ATM_WITHDRAWAL,CA
TXN_100237,CUST_1016,2026-05-14 23:00:00,1243.78,ATM_WITHDRAWAL,US
TXN_100238,CUST_1002,2026-06-06 10:00:00,882.5,PAYMENT,US
TXN_100239,CUST_1038,2026-05-15 23:00:00,1169.59,CASH_DEPOSIT,US
TXN_100240,CUST_1012,2026-05-18 00:00:00,844.83,PAYMENT,MX
TXN_100241,CUST_1065,2026-06-24 02:00:00,6969.85,WIRE_TRANSFER,US
TXN_100242,CUST_1012,2026-05-13 17:00:00,4055.44,PAYMENT,US
TXN_100243,CUST_1045,2026-06-21 16:00:00,67.48,CASH_DEPOSIT,US
TXN_100244,CUST_1015,2026-06-25 11:00:00,771.96,ATM_WITHDRAWAL,US
TXN_100245,CUST_1083,2026-05-05 00:00:00,15.03,WIRE_TRANSFER,US
TXN_100246,CUST_1029,2026-06-19 03:00:00,409.09,WIRE_TRANSFER,US
TXN_100247,CUST_1064,2026-06-22 13:00:00,847.33,ATM_WITHDRAWAL,US
TXN_100248,CUST_1087,2026-05-04 11:00:00,4502.43,ATM_WITHDRAWAL,CA
TXN_100249,CUST_1042,2026-06-29 05:00:00,3179.41,ATM_WITHDRAWAL,CY
TXN_100250,CUST_1010,2026-05-13 01:00:00,2050.08,CASH_DEPOSIT,US
TXN_100251,CUST_1071,2026-05-20 21:00:00,2673.62,CASH_DEPOSIT,US
TXN_100252,CUST_1097,2026-06-26 08:00:00,4739.29,CASH_DEPOSIT,CA
TXN_100253,CUST_1004,2026-05-05 21:00:00,375.64,ATM_WITHDRAWAL,US
TXN_100254,CUST_1019,2026-06-27 16:00:00,462.13,CASH_DEPOSIT,US
TXN_100255,CUST_1081,2026-05-17 23:00:00,2547.87,ATM_WITHDRAWAL,US
TXN_100256,CUST_1088,2026-05-09 03:00:00,2960.53,WIRE_TRANSFER,US
TXN_100257,CUST_1055,2026-05-03 08:00:00,4683.51,ATM_WITHDRAWAL,MX
TXN_100258,CUST_1008,2026-05-15 07:00:00,1210.62,CASH_DEPOSIT,US
TXN_100259,CUST_1087,2026-06-29 14:00:00,461.16,WIRE_TRANSFER,CA
TXN_100260,CUST_1089,2026-05-18 05:00:00,383.04,CASH_DEPOSIT,US
TXN_100261,CUST_1068,2026-05-13 16:00:00,1035.23,WIRE_TRANSFER,US
TXN_100262,CUST_1092,2026-06-20 02:00:00,1637.56,PAYMENT,US
TXN_100263,CUST_1076,2026-06-14 00:00:00,1114.9,WIRE_TRANSFER,MX
TXN_100264,CUST_1091,2026-06-02 15:00:00,619.72,CASH_DEPOSIT,US
TXN_100265,CUST_1052,2026-06-11 03:00:00,1810.92,ATM_WITHDRAWAL,US
TXN_100266,CUST_1004,2026-06-12 12:00:00,949.55,WIRE_TRANSFER,MX
TXN_100267,CUST_1041,2026-05-10 10:00:00,2050.99,CASH_DEPOSIT,US
TXN_100268,CUST_1099,2026-05-02 13:00:00,1072.29,CASH_DEPOSIT,US
TXN_100269,CUST_1095,2026-05-13 13:00:00,5969.75,ATM_WITHDRAWAL,US
TXN_100270,CUST_1094,2026-06-03 23:00:00,2280.14,CASH_DEPOSIT,US
TXN_100271,CUST_1029,2026-05-07 09:00:00,4954.93,CASH_DEPOSIT,US
TXN_100272,CUST_1059,2026-05-15 04:00:00,2342.47,CASH_DEPOSIT,US
TXN_100273,CUST_1099,2026-06-19 03:00:00,282.96,ATM_WITHDRAWAL,CA
TXN_100274,CUST_1016,2026-05-10 21:00:00,99.5,CASH_DEPOSIT,US
TXN_100275,CUST_1081,2026-06-19 13:00:00,1700.76,PAYMENT,US
TXN_100276,CUST_1098,2026-06-21 11:00:00,111.82,ATM_WITHDRAWAL,CA
TXN_100277,CUST_1078,2026-06-01 18:00:00,1734.68,ATM_WITHDRAWAL,US
TXN_100278,CUST_1045,2026-06-03 03:00:00,171.7,CASH_DEPOSIT,MX
TXN_100279,CUST_1014,2026-06-24 10:00:00,2758.38,PAYMENT,CA
TXN_100280,CUST_1083,2026-05-22 10:00:00,3048.05,ATM_WITHDRAWAL,CY
TXN_100281,CUST_1055,2026-05-28 20:00:00,826.39,ATM_WITHDRAWAL,US
TXN_100282,CUST_1005,2026-05-19 04:00:00,570.84,ATM_WITHDRAWAL,US
TXN_100283,CUST_1037,2026-05-15 01:00:00,345.39,CASH_DEPOSIT,MX
TXN_100284,CUST_1023,2026-05-12 17:00:00,966.66,ATM_WITHDRAWAL,US
TXN_100285,CUST_1059,2026-06-15 16:00:00,2258.17,CASH_DEPOSIT,CA
TXN_100286,CUST_1045,2026-06-19 19:00:00,1486.13,ATM_WITHDRAWAL,US
TXN_100287,CUST_1052,2026-05-24 02:00:00,2398.41,PAYMENT,US
TXN_100288,CUST_1077,2026-05-07 16:00:00,1745.47,WIRE_TRANSFER,US
TXN_100289,CUST_1037,2026-06-17 21:00:00,601.62,WIRE_TRANSFER,US
TXN_100290,CUST_1071,2026-05-11 12:00:00,27.53,CASH_DEPOSIT,US
TXN_100291,CUST_1063,2026-05-18 13:00:00,1384.51,ATM_WITHDRAWAL,US
TXN_100292,CUST_1044,2026-05-25 00:00:00,2280.18,PAYMENT,US
TXN_100293,CUST_1085,2026-06-20 23:00:00,425.7,CASH_DEPOSIT,KY
TXN_100294,CUST_1031,2026-05-15 15:00:00,1454.11,WIRE_TRANSFER,CA
TXN_100295,CUST_1073,2026-06-09 17:00:00,122.76,PAYMENT,US
TXN_100296,CUST_1076,2026-05-30 00:00:00,132.76,CASH_DEPOSIT,US
TXN_100297,CUST_1065,2026-06-07 06:00:00,1764.19,WIRE_TRANSFER,CA
TXN_100298,CUST_1097,2026-06-11 22:00:00,175.67,PAYMENT,US
TXN_100299,CUST_1066,2026-06-28 05:00:00,4138.29,CASH_DEPOSIT,US
TXN_100300,CUST_1031,2026-06-10 17:00:00,3081.56,PAYMENT,CA
TXN_100301,CUST_1061,2026-05-20 14:00:00,1003.63,ATM_WITHDRAWAL,US
TXN_100302,CUST_1079,2026-05-04 05:00:00,2307.55,WIRE_TRANSFER,US
TXN_100303,CUST_1040,2026-06-29 09:00:00,137.73,WIRE_TRANSFER,US
TXN_100304,CUST_1086,2026-05-12 12:00:00,3091.05,CASH_DEPOSIT,US
TXN_100305,CUST_1054,2026-06-15 03:00:00,311.56,CASH_DEPOSIT,CA
TXN_100306,CUST_1054,2026-06-01 18:00:00,1225.75,PAYMENT,CA
TXN_100307,CUST_1021,2026-06-06 23:00:00,1029.69,CASH_DEPOSIT,US
TXN_100308,CUST_1034,2026-05-29 21:00:00,351.44,ATM_WITHDRAWAL,CA
TXN_100309,CUST_1048,2026-05-30 20:00:00,816.54,ATM_WITHDRAWAL,CA
TXN_100310,CUST_1036,2026-05-04 11:00:00,6601.1,WIRE_TRANSFER,US
TXN_100311,CUST_1048,2026-06-20 08:00:00,54.75,PAYMENT,US
TXN_100312,CUST_1099,2026-05-02 14:00:00,2372.24,WIRE_TRANSFER,US
TXN_100313,CUST_1057,2026-06-23 11:00:00,1473.13,ATM_WITHDRAWAL,US
TXN_100314,CUST_1014,2026-06-02 02:00:00,1897.25,WIRE_TRANSFER,MX
TXN_100315,CUST_1086,2026-06-11 11:00:00,5341.27,WIRE_TRANSFER,US
TXN_100316,CUST_1068,2026-06-07 12:00:00,436.0,CASH_DEPOSIT,MX
TXN_100317,CUST_1013,2026-06-25 06:00:00,1639.82,CASH_DEPOSIT,US
TXN_100318,CUST_1016,2026-06-28 01:00:00,1613.89,ATM_WITHDRAWAL,US
TXN_100319,CUST_1039,2026-05-12 23:00:00,5260.92,PAYMENT,US
TXN_100320,CUST_1010,2026-05-10 02:00:00,289.06,WIRE_TRANSFER,US
TXN_100321,CUST_1009,2026-05-12 08:00:00,905.21,CASH_DEPOSIT,US
TXN_100322,CUST_1075,2026-05-01 21:00:00,725.5,PAYMENT,US
TXN_100323,CUST_1046,2026-06-06 11:00:00,2293.45,CASH_DEPOSIT,CA
TXN_100324,CUST_1055,2026-05-28 14:00:00,1235.14,ATM_WITHDRAWAL,US
TXN_100325,CUST_1019,2026-06-19 13:00:00,206.82,WIRE_TRANSFER,US
TXN_100326,CUST_1025,2026-05-29 00:00:00,391.76,ATM_WITHDRAWAL,US
TXN_100327,CUST_1058,2026-05-05 00:00:00,1328.03,CASH_DEPOSIT,US
TXN_100328,CUST_1019,2026-06-22 17:00:00,1747.39,PAYMENT,US
TXN_100329,CUST_1088,2026-06-19 06:00:00,450.0,ATM_WITHDRAWAL,US
TXN_100330,CUST_1022,2026-06-13 05:00:00,211.57,PAYMENT,US
TXN_100331,CUST_1051,2026-05-16 17:00:00,1990.19,WIRE_TRANSFER,US
TXN_100332,CUST_1084,2026-05-01 22:00:00,264.7,PAYMENT,US
TXN_100333,CUST_1085,2026-06-16 01:00:00,2741.31,CASH_DEPOSIT,CY
TXN_100334,CUST_1073,2026-05-30 17:00:00,1452.9,WIRE_TRANSFER,MX
TXN_100335,CUST_1075,2026-05-27 07:00:00,1764.49,CASH_DEPOSIT,US
TXN_100336,CUST_1018,2026-05-31 15:00:00,760.98,WIRE_TRANSFER,US
TXN_100337,CUST_1089,2026-05-28 01:00:00,1403.13,WIRE_TRANSFER,US
TXN_100338,CUST_1032,2026-06-10 15:00:00,2297.55,CASH_DEPOSIT,US
TXN_100339,CUST_1074,2026-05-04 01:00:00,2183.47,CASH_DEPOSIT,MX
TXN_100340,CUST_1018,2026-05-06 01:00:00,3164.26,WIRE_TRANSFER,US
TXN_100341,CUST_1074,2026-05-01 23:00:00,1189.5,WIRE_TRANSFER,US
TXN_100342,CUST_1014,2026-05-01 11:00:00,766.7,WIRE_TRANSFER,US
TXN_100343,CUST_1059,2026-05-29 00:00:00,1193.45,CASH_DEPOSIT,US
TXN_100344,CUST_1089,2026-05-11 02:00:00,1664.89,PAYMENT,US
TXN_100345,CUST_1045,2026-05-09 02:00:00,2995.32,CASH_DEPOSIT,US
TXN_100346,CUST_1069,2026-05-28 20:00:00,636.11,CASH_DEPOSIT,US
TXN_100347,CUST_1097,2026-06-17 04:00:00,1154.08,ATM_WITHDRAWAL,US
TXN_100348,CUST_1047,2026-05-23 05:00:00,1909.43,WIRE_TRANSFER,CY
TXN_100349,CUST_1020,2026-05-23 10:00:00,3415.38,ATM_WITHDRAWAL,US
TXN_100350,CUST_1014,2026-05-25 03:00:00,727.23,ATM_WITHDRAWAL,US
TXN_100351,CUST_1012,2026-05-22 18:00:00,282.88,WIRE_TRANSFER,US
TXN_100352,CUST_1051,2026-06-15 14:00:00,1172.06,PAYMENT,US
TXN_100353,CUST_1035,2026-05-30 17:00:00,487.47,WIRE_TRANSFER,US
TXN_100354,CUST_1088,2026-05-30 10:00:00,1724.4,ATM_WITHDRAWAL,US
TXN_100355,CUST_1012,2026-05-31 06:00:00,179.55,ATM_WITHDRAWAL,US
TXN_100356,CUST_1041,2026-06-25 03:00:00,1001.15,PAYMENT,CA
TXN_100357,CUST_1000,2026-06-13 23:00:00,1514.21,CASH_DEPOSIT,CY
TXN_100358,CUST_1021,2026-06-23 20:00:00,1360.4,WIRE_TRANSFER,CA
TXN_100359,CUST_1014,2026-05-10 23:00:00,681.24,WIRE_TRANSFER,MX
TXN_100360,CUST_1023,2026-05-16 16:00:00,452.86,WIRE_TRANSFER,US
TXN_100361,CUST_1023,2026-05-19 03:00:00,1679.48,PAYMENT,CA
TXN_100362,CUST_1018,2026-06-05 09:00:00,837.33,CASH_DEPOSIT,US
TXN_100363,CUST_1048,2026-06-04 11:00:00,970.52,WIRE_TRANSFER,US
TXN_100364,CUST_1021,2026-06-17 04:00:00,402.53,ATM_WITHDRAWAL,US
TXN_100365,CUST_1010,2026-05-10 08:00:00,1509.57,WIRE_TRANSFER,US
TXN_100366,CUST_1024,2026-05-02 02:00:00,1791.88,ATM_WITHDRAWAL,US
TXN_100367,CUST_1038,2026-06-10 16:00:00,7119.08,ATM_WITHDRAWAL,US
TXN_100368,CUST_1018,2026-05-04 05:00:00,3549.13,WIRE_TRANSFER,CA
TXN_100369,CUST_1035,2026-06-09 04:00:00,1368.59,CASH_DEPOSIT,US
TXN_100370,CUST_1096,2026-06-28 05:00:00,1450.19,CASH_DEPOSIT,US
TXN_100371,CUST_1059,2026-05-02 04:00:00,409.3,PAYMENT,US
TXN_100372,CUST_1071,2026-06-19 02:00:00,403.66,WIRE_TRANSFER,US
TXN_100373,CUST_1085,2026-05-06 01:00:00,723.37,ATM_WITHDRAWAL,US
TXN_100374,CUST_1034,2026-06-03 22:00:00,618.73,WIRE_TRANSFER,US
TXN_100375,CUST_1057,2026-06-05 04:00:00,1521.62,CASH_DEPOSIT,CA
TXN_100376,CUST_1054,2026-05-16 09:00:00,834.06,WIRE_TRANSFER,CA
TXN_100377,CUST_1011,2026-05-17 15:00:00,5973.75,PAYMENT,US
TXN_100378,CUST_1029,2026-06-14 22:00:00,5494.02,PAYMENT,US
TXN_100379,CUST_1083,2026-06-09 23:00:00,428.89,PAYMENT,US
TXN_100380,CUST_1083,2026-05-06 21:00:00,2336.06,WIRE_TRANSFER,MX
TXN_100381,CUST_1015,2026-05-12 05:00:00,1860.33,PAYMENT,US
TXN_100382,CUST_1096,2026-05-23 17:00:00,679.75,CASH_DEPOSIT,US
TXN_100383,CUST_1090,2026-06-26 08:00:00,556.9,CASH_DEPOSIT,US
TXN_100384,CUST_1022,2026-05-26 03:00:00,1097.51,WIRE_TRANSFER,MX
TXN_100385,CUST_1042,2026-05-15 21:00:00,2870.0,PAYMENT,US
TXN_100386,CUST_1048,2026-06-11 05:00:00,1493.09,WIRE_TRANSFER,US
TXN_100387,CUST_1029,2026-05-14 05:00:00,2351.19,ATM_WITHDRAWAL,US
TXN_100388,CUST_1072,2026-05-15 20:00:00,295.88,ATM_WITHDRAWAL,US
TXN_100389,CUST_1081,2026-05-14 19:00:00,1546.53,WIRE_TRANSFER,CA
TXN_100390,CUST_1024,2026-06-23 00:00:00,1408.52,PAYMENT,US
TXN_100391,CUST_1079,2026-06-23 13:00:00,583.06,CASH_DEPOSIT,CY
TXN_100392,CUST_1005,2026-05-25 12:00:00,204.76,CASH_DEPOSIT,US
TXN_100393,CUST_1067,2026-05-25 14:00:00,135.02,PAYMENT,CA
TXN_100394,CUST_1095,2026-05-28 12:00:00,1068.26,ATM_WITHDRAWAL,US
TXN_100395,CUST_1059,2026-05-06 10:00:00,1394.04,WIRE_TRANSFER,US
TXN_100396,CUST_1030,2026-06-20 04:00:00,329.39,ATM_WITHDRAWAL,US
TXN_100397,CUST_1010,2026-06-19 23:00:00,6182.95,ATM_WITHDRAWAL,US
TXN_100398,CUST_1098,2026-05-21 08:00:00,552.05,PAYMENT,US
TXN_100399,CUST_1079,2026-05-16 00:00:00,1514.37,PAYMENT,US
TXN_100400,CUST_1051,2026-05-29 19:00:00,1133.12,PAYMENT,US
TXN_100401,CUST_1062,2026-06-06 19:00:00,906.17,ATM_WITHDRAWAL,US
TXN_100402,CUST_1006,2026-05-27 21:00:00,301.99,WIRE_TRANSFER,US
TXN_100403,CUST_1004,2026-06-24 01:00:00,994.77,WIRE_TRANSFER,US
TXN_100404,CUST_1078,2026-05-21 09:00:00,231.2,ATM_WITHDRAWAL,US
TXN_100405,CUST_1064,2026-05-13 20:00:00,424.03,WIRE_TRANSFER,KY
TXN_100406,CUST_1081,2026-06-06 12:00:00,1013.72,PAYMENT,US
TXN_100407,CUST_1059,2026-05-11 20:00:00,473.91,PAYMENT,US
TXN_100408,CUST_1067,2026-06-03 19:00:00,2015.44,PAYMENT,US
TXN_100409,CUST_1092,2026-06-21 05:00:00,2315.79,WIRE_TRANSFER,MX
TXN_100410,CUST_1063,2026-05-17 23:00:00,4302.62,CASH_DEPOSIT,CA
TXN_100411,CUST_1047,2026-05-29 00:00:00,4005.74,WIRE_TRANSFER,US
TXN_100412,CUST_1020,2026-05-28 10:00:00,1625.37,ATM_WITHDRAWAL,MX
TXN_100413,CUST_1071,2026-06-18 14:00:00,113.47,CASH_DEPOSIT,US
TXN_100414,CUST_1082,2026-05-05 11:00:00,888.52,CASH_DEPOSIT,US
TXN_100415,CUST_1071,2026-06-26 22:00:00,1623.97,ATM_WITHDRAWAL,CA
TXN_100416,CUST_1098,2026-05-24 16:00:00,1075.68,CASH_DEPOSIT,US
TXN_100417,CUST_1030,2026-06-15 03:00:00,5307.81,ATM_WITHDRAWAL,CY
TXN_100418,CUST_1027,2026-06-20 10:00:00,165.37,WIRE_TRANSFER,US
TXN_100419,CUST_1095,2026-05-08 09:00:00,139.35,WIRE_TRANSFER,US
TXN_100420,CUST_1080,2026-05-31 07:00:00,397.85,PAYMENT,KY
TXN_100421,CUST_1078,2026-06-19 02:00:00,452.39,CASH_DEPOSIT,US
TXN_100422,CUST_1040,2026-05-25 22:00:00,3402.37,WIRE_TRANSFER,US
TXN_100423,CUST_1035,2026-05-12 07:00:00,1391.51,WIRE_TRANSFER,US
TXN_100424,CUST_1094,2026-05-16 01:00:00,77.08,ATM_WITHDRAWAL,US
TXN_100425,CUST_1017,2026-06-24 08:00:00,717.39,CASH_DEPOSIT,US
TXN_100426,CUST_1088,2026-06-19 21:00:00,423.02,PAYMENT,US
TXN_100427,CUST_1031,2026-06-20 13:00:00,1566.89,CASH_DEPOSIT,US
TXN_100428,CUST_1031,2026-05-30 22:00:00,2821.22,ATM_WITHDRAWAL,MX
TXN_100429,CUST_1017,2026-05-21 12:00:00,935.78,WIRE_TRANSFER,CA
TXN_100430,CUST_1006,2026-05-23 11:00:00,302.98,PAYMENT,US
TXN_100431,CUST_1088,2026-05-22 12:00:00,181.34,WIRE_TRANSFER,US
TXN_100432,CUST_1051,2026-05-27 17:00:00,1015.3,ATM_WITHDRAWAL,US
TXN_100433,CUST_1043,2026-05-13 21:00:00,2139.37,ATM_WITHDRAWAL,CA
TXN_100434,CUST_1002,2026-06-23 18:00:00,1761.39,ATM_WITHDRAWAL,MX
TXN_100435,CUST_1024,2026-06-06 14:00:00,938.61,PAYMENT,US
TXN_100436,CUST_1000,2026-06-13 04:00:00,7217.25,ATM_WITHDRAWAL,US
TXN_100437,CUST_1095,2026-06-11 01:00:00,568.62,ATM_WITHDRAWAL,CA
TXN_100438,CUST_1045,2026-06-08 01:00:00,715.63,CASH_DEPOSIT,US
TXN_100439,CUST_1035,2026-05-22 09:00:00,2758.53,WIRE_TRANSFER,CA
TXN_100440,CUST_1077,2026-05-14 01:00:00,698.16,CASH_DEPOSIT,US
TXN_100441,CUST_1094,2026-06-24 05:00:00,1055.88,PAYMENT,US
TXN_100442,CUST_1003,2026-05-20 09:00:00,377.33,PAYMENT,US
TXN_100443,CUST_1084,2026-06-23 07:00:00,14.84,ATM_WITHDRAWAL,US
TXN_100444,CUST_1003,2026-06-29 12:00:00,782.07,PAYMENT,MX
TXN_100445,CUST_1092,2026-05-14 02:00:00,174.95,PAYMENT,US
TXN_100446,CUST_1003,2026-06-25 23:00:00,1382.07,WIRE_TRANSFER,US
TXN_100447,CUST_1059,2026-06-29 18:00:00,1527.93,CASH_DEPOSIT,US
TXN_100448,CUST_1023,2026-06-14 11:00:00,6033.51,WIRE_TRANSFER,US
TXN_100449,CUST_1099,2026-05-19 15:00:00,249.29,CASH_DEPOSIT,US
TXN_100450,CUST_1054,2026-06-02 17:00:00,383.87,ATM_WITHDRAWAL,US
TXN_100451,CUST_1046,2026-05-11 21:00:00,295.8,CASH_DEPOSIT,US
TXN_100452,CUST_1019,2026-06-17 14:00:00,1747.12,ATM_WITHDRAWAL,KY
TXN_100453,CUST_1074,2026-06-08 08:00:00,1339.26,WIRE_TRANSFER,US
TXN_100454,CUST_1060,2026-05-10 17:00:00,49.82,ATM_WITHDRAWAL,US
TXN_100455,CUST_1069,2026-05-17 12:00:00,4247.19,ATM_WITHDRAWAL,US
TXN_100456,CUST_1045,2026-05-26 18:00:00,2777.11,CASH_DEPOSIT,US
TXN_100457,CUST_1048,2026-05-21 09:00:00,999.48,PAYMENT,US
TXN_100458,CUST_1003,2026-06-08 06:00:00,3611.79,WIRE_TRANSFER,CA
TXN_100459,CUST_1099,2026-05-06 08:00:00,392.77,WIRE_TRANSFER,US
TXN_100460,CUST_1056,2026-05-31 19:00:00,968.16,PAYMENT,US
TXN_100461,CUST_1023,2026-06-13 09:00:00,65.44,WIRE_TRANSFER,US
TXN_100462,CUST_1054,2026-05-28 13:00:00,5533.43,PAYMENT,US
TXN_100463,CUST_1094,2026-06-11 12:00:00,111.4,WIRE_TRANSFER,US
TXN_100464,CUST_1055,2026-06-12 19:00:00,3563.69,WIRE_TRANSFER,US
TXN_100465,CUST_1067,2026-06-19 00:00:00,650.06,ATM_WITHDRAWAL,MX
TXN_100466,CUST_1081,2026-06-01 23:00:00,4971.33,ATM_WITHDRAWAL,US
TXN_100467,CUST_1070,2026-05-21 09:00:00,823.97,WIRE_TRANSFER,US
TXN_100468,CUST_1056,2026-06-06 20:00:00,244.92,WIRE_TRANSFER,CA
TXN_100469,CUST_1036,2026-05-24 16:00:00,563.77,ATM_WITHDRAWAL,CY
TXN_100470,CUST_1011,2026-06-26 08:00:00,255.98,CASH_DEPOSIT,US
TXN_100471,CUST_1070,2026-05-22 22:00:00,1121.59,CASH_DEPOSIT,US
TXN_100472,CUST_1097,2026-05-28 10:00:00,2363.16,CASH_DEPOSIT,US
TXN_100473,CUST_1097,2026-05-06 13:00:00,2825.18,WIRE_TRANSFER,US
TXN_100474,CUST_1004,2026-05-02 21:00:00,375.19,PAYMENT,US
TXN_100475,CUST_1015,2026-06-17 18:00:00,2085.15,CASH_DEPOSIT,US
TXN_100476,CUST_1039,2026-06-07 09:00:00,90.03,ATM_WITHDRAWAL,CA
TXN_100477,CUST_1063,2026-06-01 06:00:00,279.96,CASH_DEPOSIT,US
TXN_100478,CUST_1085,2026-05-15 23:00:00,3163.51,PAYMENT,MX
TXN_100479,CUST_1091,2026-05-14 08:00:00,6308.52,PAYMENT,CA
TXN_100480,CUST_1062,2026-05-02 23:00:00,641.62,WIRE_TRANSFER,US
TXN_100481,CUST_1041,2026-06-21 02:00:00,707.66,WIRE_TRANSFER,US
TXN_100482,CUST_1049,2026-06-12 18:00:00,5016.35,CASH_DEPOSIT,US
TXN_100483,CUST_1073,2026-05-08 23:00:00,2371.5,PAYMENT,US
TXN_100484,CUST_1084,2026-05-08 22:00:00,766.2,CASH_DEPOSIT,MX
TXN_100485,CUST_1081,2026-06-11 19:00:00,2374.45,WIRE_TRANSFER,US
TXN_100486,CUST_1002,2026-06-14 02:00:00,496.32,ATM_WITHDRAWAL,KY
TXN_100487,CUST_1032,2026-05-28 00:00:00,315.42,ATM_WITHDRAWAL,MX
TXN_100488,CUST_1047,2026-06-12 04:00:00,2413.64,PAYMENT,CY
TXN_100489,CUST_1018,2026-06-01 08:00:00,2029.06,PAYMENT,US
TXN_100490,CUST_1000,2026-06-14 22:00:00,1663.57,CASH_DEPOSIT,US
TXN_100491,CUST_1003,2026-05-28 05:00:00,846.59,WIRE_TRANSFER,US
TXN_100492,CUST_1026,2026-05-05 02:00:00,54.71,CASH_DEPOSIT,CA
TXN_100493,CUST_1025,2026-05-05 02:00:00,626.11,CASH_DEPOSIT,US
TXN_100494,CUST_1049,2026-05-06 18:00:00,576.08,PAYMENT,US
TXN_100495,CUST_1046,2026-06-13 11:00:00,674.28,CASH_DEPOSIT,US
TXN_100496,CUST_1002,2026-05-12 15:00:00,189.77,CASH_DEPOSIT,US
TXN_100497,CUST_1032,2026-05-21 02:00:00,3546.51,PAYMENT,CA
TXN_100498,CUST_1081,2026-06-27 10:00:00,867.74,CASH_DEPOSIT,US
TXN_100499,CUST_1016,2026-05-05 11:00:00,2794.33,ATM_WITHDRAWAL,US
TXN_100500,CUST_1032,2026-05-20 15:00:00,599.8,WIRE_TRANSFER,US
TXN_100501,CUST_1027,2026-06-16 06:00:00,2914.18,WIRE_TRANSFER,US
TXN_100502,CUST_1071,2026-06-24 22:00:00,1554.53,PAYMENT,US
TXN_100503,CUST_1024,2026-06-16 05:00:00,368.61,ATM_WITHDRAWAL,US
TXN_100504,CUST_1052,2026-06-15 19:00:00,3519.0,WIRE_TRANSFER,US
TXN_100505,CUST_1008,2026-06-04 12:00:00,462.24,ATM_WITHDRAWAL,MX
TXN_100506,CUST_1090,2026-05-23 01:00:00,725.85,PAYMENT,US
TXN_100507,CUST_1071,2026-06-04 18:00:00,2441.92,WIRE_TRANSFER,US
TXN_100508,CUST_1024,2026-06-09 23:00:00,3762.96,WIRE_TRANSFER,US
TXN_100509,CUST_1047,2026-06-26 18:00:00,3634.81,WIRE_TRANSFER,CA
TXN_100510,CUST_1072,2026-05-28 19:00:00,4947.59,CASH_DEPOSIT,CA
TXN_100511,CUST_1018,2026-06-16 19:00:00,379.7,WIRE_TRANSFER,US
TXN_100512,CUST_1035,2026-06-09 16:00:00,80.83,WIRE_TRANSFER,US
TXN_100513,CUST_1051,2026-05-25 13:00:00,125.71,ATM_WITHDRAWAL,US
TXN_100514,CUST_1077,2026-05-30 08:00:00,110.0,PAYMENT,MX
TXN_100515,CUST_1001,2026-06-10 13:00:00,3352.64,WIRE_TRANSFER,US
TXN_100516,CUST_1054,2026-05-16 16:00:00,62.93,PAYMENT,US
TXN_100517,CUST_1063,2026-06-15 17:00:00,1115.48,CASH_DEPOSIT,US
TXN_100518,CUST_1019,2026-06-06 02:00:00,193.14,PAYMENT,US
TXN_100519,CUST_1060,2026-05-09 03:00:00,2661.66,ATM_WITHDRAWAL,MX
TXN_100520,CUST_1064,2026-05-08 12:00:00,854.3,ATM_WITHDRAWAL,US
TXN_100521,CUST_1075,2026-06-15 14:00:00,1391.67,ATM_WITHDRAWAL,MX
TXN_100522,CUST_1092,2026-05-22 07:00:00,1506.69,CASH_DEPOSIT,US
TXN_100523,CUST_1028,2026-06-20 03:00:00,1087.28,ATM_WITHDRAWAL,US
TXN_100524,CUST_1021,2026-05-12 12:00:00,1594.3,ATM_WITHDRAWAL,CY
TXN_100525,CUST_1033,2026-05-27 22:00:00,1068.64,CASH_DEPOSIT,US
TXN_100526,CUST_1005,2026-05-22 17:00:00,70.87,CASH_DEPOSIT,US
TXN_100527,CUST_1026,2026-05-08 18:00:00,961.3,PAYMENT,US
TXN_100528,CUST_1098,2026-06-09 13:00:00,899.87,ATM_WITHDRAWAL,US
TXN_100529,CUST_1048,2026-05-13 05:00:00,21.54,CASH_DEPOSIT,US
TXN_100530,CUST_1042,2026-05-20 00:00:00,942.22,WIRE_TRANSFER,US
TXN_100531,CUST_1063,2026-06-11 10:00:00,4036.95,WIRE_TRANSFER,US
TXN_100532,CUST_1036,2026-06-18 08:00:00,191.28,CASH_DEPOSIT,US
TXN_100533,CUST_1038,2026-06-24 08:00:00,1030.48,ATM_WITHDRAWAL,CA
TXN_100534,CUST_1018,2026-05-11 12:00:00,491.82,ATM_WITHDRAWAL,US
TXN_100535,CUST_1018,2026-05-12 07:00:00,1677.29,PAYMENT,US
TXN_100536,CUST_1060,2026-06-17 00:00:00,1911.06,CASH_DEPOSIT,CY
TXN_100537,CUST_1068,2026-05-08 13:00:00,1906.5,ATM_WITHDRAWAL,CA
TXN_100538,CUST_1048,2026-06-16 19:00:00,454.97,WIRE_TRANSFER,US
TXN_100539,CUST_1032,2026-06-05 17:00:00,203.5,CASH_DEPOSIT,US
TXN_100540,CUST_1083,2026-06-18 00:00:00,135.37,PAYMENT,US
TXN_100541,CUST_1038,2026-05-02 08:00:00,683.94,WIRE_TRANSFER,US
TXN_100542,CUST_1009,2026-05-14 17:00:00,3677.73,ATM_WITHDRAWAL,US
TXN_100543,CUST_1027,2026-05-03 19:00:00,202.7,WIRE_TRANSFER,MX
TXN_100544,CUST_1037,2026-05-03 15:00:00,239.97,WIRE_TRANSFER,US
TXN_100545,CUST_1011,2026-06-04 10:00:00,142.25,CASH_DEPOSIT,US
TXN_100546,CUST_1084,2026-06-18 22:00:00,1594.59,PAYMENT,CA
TXN_100547,CUST_1053,2026-06-12 17:00:00,1686.54,PAYMENT,US
TXN_100548,CUST_1052,2026-06-07 11:00:00,737.35,WIRE_TRANSFER,US
TXN_100549,CUST_1043,2026-05-15 08:00:00,166.16,ATM_WITHDRAWAL,MX
TXN_100550,CUST_1031,2026-06-27 21:00:00,758.78,PAYMENT,US
TXN_100551,CUST_1033,2026-06-25 04:00:00,240.77,ATM_WITHDRAWAL,MX
TXN_100552,CUST_1064,2026-06-16 19:00:00,48.67,ATM_WITHDRAWAL,US
TXN_100553,CUST_1091,2026-06-04 10:00:00,121.62,ATM_WITHDRAWAL,US
TXN_100554,CUST_1048,2026-06-18 05:00:00,1406.27,PAYMENT,US
TXN_100555,CUST_1055,2026-05-12 05:00:00,176.83,CASH_DEPOSIT,US
TXN_100556,CUST_1049,2026-05-05 23:00:00,1066.18,PAYMENT,CY
TXN_100557,CUST_1003,2026-05-26 13:00:00,3908.2,WIRE_TRANSFER,US
TXN_100558,CUST_1050,2026-06-19 05:00:00,248.6,ATM_WITHDRAWAL,US
TXN_100559,CUST_1041,2026-06-06 04:00:00,714.53,WIRE_TRANSFER,US
TXN_100560,CUST_1005,2026-05-04 17:00:00,1192.44,PAYMENT,US
TXN_100561,CUST_1058,2026-06-16 19:00:00,740.45,CASH_DEPOSIT,US
TXN_100562,CUST_1067,2026-05-05 04:00:00,1220.18,CASH_DEPOSIT,US
TXN_100563,CUST_1085,2026-06-22 22:00:00,670.52,ATM_WITHDRAWAL,CA
TXN_100564,CUST_1050,2026-06-27 16:00:00,638.85,CASH_DEPOSIT,US
TXN_100565,CUST_1043,2026-05-11 06:00:00,649.9,PAYMENT,US
TXN_100566,CUST_1023,2026-06-04 12:00:00,2555.41,ATM_WITHDRAWAL,US
TXN_100567,CUST_1016,2026-06-04 17:00:00,601.39,PAYMENT,CA
TXN_100568,CUST_1018,2026-06-06 06:00:00,250.23,CASH_DEPOSIT,MX
TXN_100569,CUST_1035,2026-06-23 18:00:00,4997.56,ATM_WITHDRAWAL,MX
TXN_100570,CUST_1010,2026-06-23 12:00:00,3069.98,ATM_WITHDRAWAL,US
TXN_100571,CUST_1010,2026-06-08 04:00:00,1722.7,CASH_DEPOSIT,US
TXN_100572,CUST_1011,2026-05-06 16:00:00,941.73,ATM_WITHDRAWAL,KY
TXN_100573,CUST_1051,2026-06-01 05:00:00,550.27,ATM_WITHDRAWAL,US
TXN_100574,CUST_1074,2026-06-02 23:00:00,742.96,ATM_WITHDRAWAL,US
TXN_100575,CUST_1080,2026-06-20 20:00:00,923.15,WIRE_TRANSFER,US
TXN_100576,CUST_1046,2026-06-16 03:00:00,4696.96,ATM_WITHDRAWAL,US
TXN_100577,CUST_1072,2026-05-08 19:00:00,877.45,CASH_DEPOSIT,CA
TXN_100578,CUST_1095,2026-05-08 18:00:00,3234.34,ATM_WITHDRAWAL,US
TXN_100579,CUST_1012,2026-06-16 13:00:00,3923.31,CASH_DEPOSIT,US
TXN_100580,CUST_1095,2026-05-22 21:00:00,3094.15,ATM_WITHDRAWAL,US
TXN_100581,CUST_1063,2026-05-21 15:00:00,2457.81,PAYMENT,US
TXN_100582,CUST_1055,2026-05-30 14:00:00,9203.23,ATM_WITHDRAWAL,US
TXN_100583,CUST_1070,2026-05-30 06:00:00,2018.37,ATM_WITHDRAWAL,CA
TXN_100584,CUST_1000,2026-05-15 04:00:00,2110.15,CASH_DEPOSIT,CA
TXN_100585,CUST_1072,2026-05-01 03:00:00,1436.34,ATM_WITHDRAWAL,US
TXN_100586,CUST_1008,2026-06-03 13:00:00,795.22,WIRE_TRANSFER,US
TXN_100587,CUST_1074,2026-06-04 07:00:00,1509.87,ATM_WITHDRAWAL,US
TXN_100588,CUST_1095,2026-06-03 12:00:00,169.61,CASH_DEPOSIT,MX
TXN_100589,CUST_1065,2026-06-09 16:00:00,2778.45,ATM_WITHDRAWAL,US
TXN_100590,CUST_1059,2026-05-02 01:00:00,783.44,WIRE_TRANSFER,US
TXN_100591,CUST_1033,2026-06-08 02:00:00,529.06,PAYMENT,US
TXN_100592,CUST_1054,2026-05-27 21:00:00,1322.93,CASH_DEPOSIT,CA
TXN_100593,CUST_1016,2026-06-10 20:00:00,1397.59,CASH_DEPOSIT,US
TXN_100594,CUST_1056,2026-05-25 21:00:00,3302.74,ATM_WITHDRAWAL,US
TXN_100595,CUST_1061,2026-05-10 09:00:00,1480.38,PAYMENT,US
TXN_100596,CUST_1031,2026-06-19 13:00:00,1887.4,WIRE_TRANSFER,CA
TXN_100597,CUST_1023,2026-05-15 21:00:00,1111.48,WIRE_TRANSFER,US
TXN_100598,CUST_1086,2026-05-08 17:00:00,1039.84,PAYMENT,US
TXN_100599,CUST_1081,2026-06-25 01:00:00,93.8,ATM_WITHDRAWAL,CA
TXN_100600,CUST_1078,2026-06-26 16:00:00,2301.9,WIRE_TRANSFER,CA
TXN_100601,CUST_1085,2026-06-07 16:00:00,1322.96,ATM_WITHDRAWAL,US
TXN_100602,CUST_1005,2026-05-05 11:00:00,139.51,CASH_DEPOSIT,CY
TXN_100603,CUST_1064,2026-06-12 18:00:00,2784.51,CASH_DEPOSIT,US
TXN_100604,CUST_1099,2026-05-18 14:00:00,863.26,ATM_WITHDRAWAL,MX
TXN_100605,CUST_1055,2026-05-12 18:00:00,194.99,CASH_DEPOSIT,US
TXN_100606,CUST_1028,2026-06-02 23:00:00,16.56,ATM_WITHDRAWAL,US
TXN_100607,CUST_1020,2026-06-12 12:00:00,5084.19,CASH_DEPOSIT,CA
TXN_100608,CUST_1016,2026-05-04 14:00:00,540.84,CASH_DEPOSIT,US
TXN_100609,CUST_1082,2026-05-19 11:00:00,84.08,CASH_DEPOSIT,US
TXN_100610,CUST_1047,2026-06-08 08:00:00,927.9,ATM_WITHDRAWAL,US
TXN_100611,CUST_1077,2026-06-04 11:00:00,90.66,CASH_DEPOSIT,CA
TXN_100612,CUST_1081,2026-06-06 12:00:00,2859.16,PAYMENT,US
TXN_100613,CUST_1072,2026-06-07 10:00:00,3192.36,WIRE_TRANSFER,US
TXN_100614,CUST_1086,2026-06-14 12:00:00,763.13,WIRE_TRANSFER,CY
TXN_100615,CUST_1035,2026-05-18 02:00:00,5519.03,PAYMENT,US
TXN_100616,CUST_1027,2026-06-09 21:00:00,1308.31,WIRE_TRANSFER,US
TXN_100617,CUST_1098,2026-05-13 16:00:00,2295.0,WIRE_TRANSFER,US
TXN_100618,CUST_1046,2026-06-22 09:00:00,425.39,WIRE_TRANSFER,MX
TXN_100619,CUST_1001,2026-05-22 16:00:00,4469.37,PAYMENT,US
TXN_100620,CUST_1002,2026-06-16 05:00:00,3557.74,CASH_DEPOSIT,US
TXN_100621,CUST_1028,2026-06-12 03:00:00,1107.93,WIRE_TRANSFER,US
TXN_100622,CUST_1083,2026-06-24 15:00:00,382.32,ATM_WITHDRAWAL,US
TXN_100623,CUST_1075,2026-05-27 21:00:00,129.19,CASH_DEPOSIT,US
TXN_100624,CUST_1033,2026-06-06 05:00:00,36.56,ATM_WITHDRAWAL,US
TXN_100625,CUST_1032,2026-06-24 06:00:00,1550.25,PAYMENT,US
TXN_100626,CUST_1079,2026-06-12 20:00:00,1202.38,PAYMENT,MX
TXN_100627,CUST_1050,2026-05-09 10:00:00,2303.16,PAYMENT,CA
TXN_100628,CUST_1071,2026-06-14 21:00:00,551.27,ATM_WITHDRAWAL,US
TXN_100629,CUST_1028,2026-06-03 01:00:00,971.97,PAYMENT,US
TXN_100630,CUST_1043,2026-05-26 03:00:00,6949.42,WIRE_TRANSFER,US
TXN_100631,CUST_1055,2026-06-01 19:00:00,1561.73,WIRE_TRANSFER,US
TXN_100632,CUST_1021,2026-06-10 16:00:00,1949.9,ATM_WITHDRAWAL,US
TXN_100633,CUST_1056,2026-05-26 09:00:00,1305.19,ATM_WITHDRAWAL,US
TXN_100634,CUST_1052,2026-05-08 07:00:00,746.94,PAYMENT,US
TXN_100635,CUST_1064,2026-06-18 14:00:00,627.24,PAYMENT,CA
TXN_100636,CUST_1056,2026-06-16 08:00:00,106.33,WIRE_TRANSFER,US
TXN_100637,CUST_1004,2026-05-20 19:00:00,900.42,CASH_DEPOSIT,US
TXN_100638,CUST_1049,2026-06-07 01:00:00,666.06,ATM_WITHDRAWAL,CY
TXN_100639,CUST_1045,2026-05-05 05:00:00,3970.45,WIRE_TRANSFER,CA
TXN_100640,CUST_1077,2026-05-10 13:00:00,930.39,CASH_DEPOSIT,US
TXN_100641,CUST_1005,2026-05-29 07:00:00,3429.4,PAYMENT,US
TXN_100642,CUST_1080,2026-06-17 10:00:00,1133.73,CASH_DEPOSIT,US
TXN_100643,CUST_1069,2026-06-10 15:00:00,4547.12,PAYMENT,KY
TXN_100644,CUST_1063,2026-06-28 11:00:00,931.4,ATM_WITHDRAWAL,MX
TXN_100645,CUST_1086,2026-06-24 05:00:00,29.67,WIRE_TRANSFER,US
TXN_100646,CUST_1028,2026-06-28 01:00:00,4843.41,CASH_DEPOSIT,US
TXN_100647,CUST_1065,2026-06-03 22:00:00,274.52,PAYMENT,US
TXN_100648,CUST_1095,2026-06-05 14:00:00,1545.04,WIRE_TRANSFER,US
TXN_100649,CUST_1058,2026-05-20 23:00:00,2225.16,WIRE_TRANSFER,US
TXN_100650,CUST_1008,2026-06-06 09:00:00,672.48,PAYMENT,MX
TXN_100651,CUST_1041,2026-06-12 20:00:00,2486.01,PAYMENT,US
TXN_100652,CUST_1054,2026-05-08 15:00:00,449.18,ATM_WITHDRAWAL,US
TXN_100653,CUST_1092,2026-05-03 11:00:00,10.66,CASH_DEPOSIT,MX
TXN_100654,CUST_1053,2026-06-25 22:00:00,4656.55,ATM_WITHDRAWAL,US
TXN_100655,CUST_1088,2026-05-29 06:00:00,1523.61,CASH_DEPOSIT,US
TXN_100656,CUST_1093,2026-06-04 02:00:00,891.47,CASH_DEPOSIT,US
TXN_100657,CUST_1016,2026-05-18 12:00:00,742.43,PAYMENT,US
TXN_100658,CUST_1081,2026-05-04 00:00:00,3497.8,WIRE_TRANSFER,MX
TXN_100659,CUST_1019,2026-06-21 22:00:00,2757.15,WIRE_TRANSFER,CA
TXN_100660,CUST_1004,2026-06-27 00:00:00,250.57,CASH_DEPOSIT,US
TXN_100661,CUST_1040,2026-05-29 03:00:00,1914.95,CASH_DEPOSIT,US
TXN_100662,CUST_1020,2026-06-04 11:00:00,2755.68,WIRE_TRANSFER,US
TXN_100663,CUST_1070,2026-06-16 22:00:00,2814.74,ATM_WITHDRAWAL,US
TXN_100664,CUST_1077,2026-05-04 22:00:00,3305.82,WIRE_TRANSFER,US
TXN_100665,CUST_1092,2026-05-08 08:00:00,614.22,PAYMENT,MX
TXN_100666,CUST_1027,2026-06-15 03:00:00,4249.86,WIRE_TRANSFER,US
TXN_100667,CUST_1066,2026-06-16 23:00:00,2720.24,ATM_WITHDRAWAL,US
TXN_100668,CUST_1097,2026-05-29 23:00:00,1604.8,PAYMENT,US
TXN_100669,CUST_1056,2026-06-18 22:00:00,507.92,CASH_DEPOSIT,US
TXN_100670,CUST_1068,2026-05-31 20:00:00,1149.0,WIRE_TRANSFER,US
TXN_100671,CUST_1059,2026-06-23 05:00:00,1936.3,CASH_DEPOSIT,US
TXN_100672,CUST_1037,2026-05-21 19:00:00,3224.97,ATM_WITHDRAWAL,US
TXN_100673,CUST_1067,2026-05-28 11:00:00,1983.61,WIRE_TRANSFER,US
TXN_100674,CUST_1040,2026-05-05 12:00:00,1420.99,ATM_WITHDRAWAL,MX
TXN_100675,CUST_1024,2026-06-17 18:00:00,210.91,WIRE_TRANSFER,US
TXN_100676,CUST_1046,2026-06-23 03:00:00,383.63,ATM_WITHDRAWAL,CA
TXN_100677,CUST_1053,2026-05-21 07:00:00,728.72,CASH_DEPOSIT,US
TXN_100678,CUST_1041,2026-05-10 01:00:00,1103.46,ATM_WITHDRAWAL,US
TXN_100679,CUST_1095,2026-05-10 21:00:00,683.44,CASH_DEPOSIT,CY
TXN_100680,CUST_1024,2026-06-28 20:00:00,172.24,CASH_DEPOSIT,US
TXN_100681,CUST_1088,2026-06-20 03:00:00,4062.91,CASH_DEPOSIT,CA
TXN_100682,CUST_1014,2026-06-01 06:00:00,2450.78,ATM_WITHDRAWAL,US
TXN_100683,CUST_1038,2026-06-26 16:00:00,2478.15,WIRE_TRANSFER,US
TXN_100684,CUST_1012,2026-05-06 05:00:00,5771.33,PAYMENT,MX
TXN_100685,CUST_1062,2026-06-18 11:00:00,1248.55,PAYMENT,CY
TXN_100686,CUST_1064,2026-05-17 02:00:00,276.96,WIRE_TRANSFER,CA
TXN_100687,CUST_1067,2026-05-18 16:00:00,2296.07,ATM_WITHDRAWAL,US
TXN_100688,CUST_1077,2026-06-27 00:00:00,2789.92,WIRE_TRANSFER,US
TXN_100689,CUST_1087,2026-06-28 18:00:00,1195.91,WIRE_TRANSFER,CY
TXN_100690,CUST_1082,2026-06-22 00:00:00,1911.19,CASH_DEPOSIT,MX
TXN_100691,CUST_1012,2026-06-17 02:00:00,767.65,ATM_WITHDRAWAL,US
TXN_100692,CUST_1073,2026-05-25 19:00:00,566.13,ATM_WITHDRAWAL,US
TXN_100693,CUST_1021,2026-06-20 04:00:00,442.46,PAYMENT,US
TXN_100694,CUST_1066,2026-06-19 15:00:00,3558.08,ATM_WITHDRAWAL,US
TXN_100695,CUST_1079,2026-05-08 00:00:00,39.99,CASH_DEPOSIT,US
TXN_100696,CUST_1004,2026-05-27 11:00:00,4109.92,CASH_DEPOSIT,US
TXN_100697,CUST_1027,2026-05-14 04:00:00,435.8,WIRE_TRANSFER,US
TXN_100698,CUST_1049,2026-06-17 08:00:00,1707.67,ATM_WITHDRAWAL,US
TXN_100699,CUST_1093,2026-06-16 06:00:00,6040.21,PAYMENT,CA
TXN_100700,CUST_1006,2026-05-15 22:00:00,2288.0,WIRE_TRANSFER,CA
TXN_100701,CUST_1092,2026-06-25 19:00:00,600.13,CASH_DEPOSIT,CY
TXN_100702,CUST_1056,2026-05-08 09:00:00,173.25,CASH_DEPOSIT,US
TXN_100703,CUST_1027,2026-06-10 04:00:00,1838.91,WIRE_TRANSFER,US
TXN_100704,CUST_1090,2026-06-18 11:00:00,470.35,ATM_WITHDRAWAL,US
TXN_100705,CUST_1088,2026-06-04 15:00:00,518.38,WIRE_TRANSFER,US
TXN_100706,CUST_1021,2026-05-26 10:00:00,130.16,ATM_WITHDRAWAL,US
TXN_100707,CUST_1019,2026-05-27 08:00:00,1795.09,WIRE_TRANSFER,US
TXN_100708,CUST_1098,2026-06-16 01:00:00,1549.29,WIRE_TRANSFER,CA
TXN_100709,CUST_1005,2026-05-15 09:00:00,1849.48,CASH_DEPOSIT,US
TXN_100710,CUST_1058,2026-06-05 01:00:00,296.89,CASH_DEPOSIT,US
TXN_100711,CUST_1088,2026-05-10 20:00:00,369.45,ATM_WITHDRAWAL,CY
TXN_100712,CUST_1020,2026-06-28 23:00:00,1482.06,WIRE_TRANSFER,US
TXN_100713,CUST_1027,2026-05-01 16:00:00,1321.74,CASH_DEPOSIT,US
TXN_100714,CUST_1035,2026-05-19 00:00:00,773.83,WIRE_TRANSFER,CA
TXN_100715,CUST_1031,2026-06-01 05:00:00,1650.41,PAYMENT,US
TXN_100716,CUST_1026,2026-06-23 17:00:00,3321.69,ATM_WITHDRAWAL,US
TXN_100717,CUST_1024,2026-05-28 14:00:00,2559.47,ATM_WITHDRAWAL,US
TXN_100718,CUST_1026,2026-05-26 18:00:00,400.43,PAYMENT,US
TXN_100719,CUST_1040,2026-06-11 17:00:00,352.28,PAYMENT,US
TXN_100720,CUST_1022,2026-06-16 19:00:00,54.92,ATM_WITHDRAWAL,US
TXN_100721,CUST_1068,2026-06-12 15:00:00,106.85,WIRE_TRANSFER,US
TXN_100722,CUST_1066,2026-06-27 00:00:00,1365.07,ATM_WITHDRAWAL,US
TXN_100723,CUST_1009,2026-05-18 05:00:00,2607.27,ATM_WITHDRAWAL,CY
TXN_100724,CUST_1076,2026-06-25 13:00:00,1448.73,ATM_WITHDRAWAL,CA
TXN_100725,CUST_1090,2026-06-15 07:00:00,2219.36,ATM_WITHDRAWAL,US
TXN_100726,CUST_1005,2026-06-12 06:00:00,3015.87,CASH_DEPOSIT,MX
TXN_100727,CUST_1036,2026-05-09 17:00:00,2332.33,PAYMENT,US
TXN_100728,CUST_1057,2026-06-12 05:00:00,1048.02,WIRE_TRANSFER,US
TXN_100729,CUST_1036,2026-05-15 17:00:00,1049.96,WIRE_TRANSFER,CA
TXN_100730,CUST_1057,2026-06-26 12:00:00,1348.25,PAYMENT,US
TXN_100731,CUST_1053,2026-05-24 03:00:00,177.06,PAYMENT,CA
TXN_100732,CUST_1077,2026-06-07 17:00:00,462.14,CASH_DEPOSIT,US
TXN_100733,CUST_1028,2026-05-05 16:00:00,4294.77,WIRE_TRANSFER,CA
TXN_100734,CUST_1066,2026-06-14 14:00:00,896.43,PAYMENT,CA
TXN_100735,CUST_1000,2026-05-04 11:00:00,888.61,PAYMENT,US
TXN_100736,CUST_1024,2026-05-21 19:00:00,2345.93,PAYMENT,US
TXN_100737,CUST_1031,2026-06-24 04:00:00,1510.39,PAYMENT,US
TXN_100738,CUST_1057,2026-06-08 15:00:00,585.43,CASH_DEPOSIT,MX
TXN_100739,CUST_1005,2026-06-20 12:00:00,653.62,ATM_WITHDRAWAL,US
TXN_100740,CUST_1004,2026-06-11 22:00:00,644.18,CASH_DEPOSIT,US
TXN_100741,CUST_1029,2026-06-26 21:00:00,272.18,CASH_DEPOSIT,US
TXN_100742,CUST_1012,2026-06-01 13:00:00,401.26,PAYMENT,US
TXN_100743,CUST_1016,2026-06-24 07:00:00,1912.71,CASH_DEPOSIT,CA
TXN_100744,CUST_1017,2026-05-30 21:00:00,140.88,WIRE_TRANSFER,US
TXN_100745,CUST_1031,2026-06-11 18:00:00,204.3,WIRE_TRANSFER,US
TXN_100746,CUST_1035,2026-06-03 08:00:00,1413.79,WIRE_TRANSFER,US
TXN_100747,CUST_1046,2026-06-23 18:00:00,381.83,WIRE_TRANSFER,CY
TXN_100748,CUST_1071,2026-06-12 08:00:00,2112.81,ATM_WITHDRAWAL,MX
TXN_100749,CUST_1066,2026-05-10 07:00:00,2111.17,ATM_WITHDRAWAL,US
TXN_100750,CUST_1097,2026-06-20 12:00:00,1294.94,WIRE_TRANSFER,US
TXN_100751,CUST_1076,2026-06-17 16:00:00,196.99,CASH_DEPOSIT,US
TXN_100752,CUST_1087,2026-05-26 16:00:00,192.04,ATM_WITHDRAWAL,CA
TXN_100753,CUST_1066,2026-05-07 16:00:00,825.21,ATM_WITHDRAWAL,US
TXN_100754,CUST_1016,2026-06-12 02:00:00,3262.34,ATM_WITHDRAWAL,US
TXN_100755,CUST_1025,2026-06-29 15:00:00,1981.33,CASH_DEPOSIT,US
TXN_100756,CUST_1055,2026-05-01 21:00:00,351.17,PAYMENT,US
TXN_100757,CUST_1070,2026-05-14 18:00:00,2906.26,ATM_WITHDRAWAL,MX
TXN_100758,CUST_1002,2026-05-11 20:00:00,746.11,WIRE_TRANSFER,CA
TXN_100759,CUST_1050,2026-06-17 01:00:00,74.34,PAYMENT,US
TXN_100760,CUST_1056,2026-06-09 03:00:00,113.33,ATM_WITHDRAWAL,US
TXN_100761,CUST_1044,2026-05-18 01:00:00,2453.04,CASH_DEPOSIT,US
TXN_100762,CUST_1063,2026-05-29 09:00:00,896.93,CASH_DEPOSIT,US
TXN_100763,CUST_1077,2026-06-09 22:00:00,713.76,WIRE_TRANSFER,US
TXN_100764,CUST_1074,2026-06-27 10:00:00,22.6,PAYMENT,US
TXN_100765,CUST_1061,2026-06-18 08:00:00,1509.46,PAYMENT,US
TXN_100766,CUST_1078,2026-06-17 03:00:00,842.87,PAYMENT,US
TXN_100767,CUST_1044,2026-06-08 19:00:00,32.1,CASH_DEPOSIT,US
TXN_100768,CUST_1043,2026-05-29 06:00:00,335.32,PAYMENT,MX
TXN_100769,CUST_1028,2026-06-27 16:00:00,2142.67,PAYMENT,US
TXN_100770,CUST_1063,2026-05-26 03:00:00,1307.0,WIRE_TRANSFER,US
TXN_100771,CUST_1041,2026-05-12 09:00:00,1900.27,CASH_DEPOSIT,US
TXN_100772,CUST_1007,2026-06-09 07:00:00,372.94,CASH_DEPOSIT,US
TXN_100773,CUST_1075,2026-05-10 11:00:00,322.24,ATM_WITHDRAWAL,US
TXN_100774,CUST_1001,2026-06-19 11:00:00,2597.53,ATM_WITHDRAWAL,US
TXN_100775,CUST_1095,2026-06-18 05:00:00,469.91,CASH_DEPOSIT,CY
TXN_100776,CUST_1093,2026-05-01 12:00:00,327.8,PAYMENT,US
TXN_100777,CUST_1012,2026-05-27 03:00:00,471.08,ATM_WITHDRAWAL,US
TXN_100778,CUST_1078,2026-05-15 03:00:00,2156.0,PAYMENT,US
TXN_100779,CUST_1083,2026-06-27 04:00:00,699.12,PAYMENT,US
TXN_100780,CUST_1000,2026-06-06 21:00:00,814.83,WIRE_TRANSFER,MX
TXN_100781,CUST_1078,2026-05-05 23:00:00,1658.73,WIRE_TRANSFER,US
TXN_100782,CUST_1055,2026-06-15 23:00:00,2009.01,PAYMENT,US
TXN_100783,CUST_1076,2026-06-07 17:00:00,2077.52,WIRE_TRANSFER,CA
TXN_100784,CUST_1037,2026-06-17 19:00:00,603.21,PAYMENT,CA
TXN_100785,CUST_1095,2026-05-10 02:00:00,950.55,CASH_DEPOSIT,US
TXN_100786,CUST_1015,2026-05-13 16:00:00,44.02,ATM_WITHDRAWAL,US
TXN_100787,CUST_1053,2026-05-11 15:00:00,405.98,CASH_DEPOSIT,US
TXN_100788,CUST_1077,2026-05-24 17:00:00,2165.14,CASH_DEPOSIT,US
TXN_100789,CUST_1078,2026-06-12 02:00:00,1479.7,ATM_WITHDRAWAL,MX
TXN_100790,CUST_1009,2026-05-19 03:00:00,1535.5,CASH_DEPOSIT,CA
TXN_100791,CUST_1065,2026-05-10 10:00:00,399.86,CASH_DEPOSIT,US
TXN_100792,CUST_1023,2026-05-11 13:00:00,637.61,WIRE_TRANSFER,US
TXN_100793,CUST_1058,2026-05-05 18:00:00,5964.31,CASH_DEPOSIT,US
TXN_100794,CUST_1041,2026-05-20 05:00:00,1061.78,CASH_DEPOSIT,CY
TXN_100795,CUST_1060,2026-05-18 22:00:00,710.51,WIRE_TRANSFER,CY
TXN_100796,CUST_1020,2026-06-13 04:00:00,1771.06,ATM_WITHDRAWAL,US
TXN_100797,CUST_1053,2026-05-10 21:00:00,2076.27,ATM_WITHDRAWAL,CA
TXN_100798,CUST_1064,2026-05-15 07:00:00,74.9,PAYMENT,US
TXN_100799,CUST_1080,2026-05-29 13:00:00,103.78,WIRE_TRANSFER,US
TXN_100800,CUST_1032,2026-06-24 10:00:00,2741.67,ATM_WITHDRAWAL,CA
TXN_100801,CUST_1093,2026-06-07 02:00:00,1015.6,PAYMENT,US
TXN_100802,CUST_1076,2026-05-02 04:00:00,496.55,CASH_DEPOSIT,MX
TXN_100803,CUST_1025,2026-05-11 07:00:00,667.58,PAYMENT,US
TXN_100804,CUST_1007,2026-05-29 07:00:00,142.53,WIRE_TRANSFER,US
TXN_100805,CUST_1054,2026-05-16 13:00:00,1372.4,WIRE_TRANSFER,US
TXN_100806,CUST_1058,2026-06-16 23:00:00,716.06,PAYMENT,CA
TXN_100807,CUST_1072,2026-06-04 18:00:00,375.45,PAYMENT,US
TXN_100808,CUST_1094,2026-06-24 07:00:00,2829.78,ATM_WITHDRAWAL,US
TXN_100809,CUST_1019,2026-06-29 06:00:00,5564.05,CASH_DEPOSIT,CA
TXN_100810,CUST_1063,2026-06-11 18:00:00,740.66,WIRE_TRANSFER,US
TXN_100811,CUST_1057,2026-06-03 19:00:00,479.11,WIRE_TRANSFER,US
TXN_100812,CUST_1051,2026-05-15 04:00:00,5432.15,PAYMENT,CA
TXN_100813,CUST_1039,2026-05-08 07:00:00,499.36,PAYMENT,CA
TXN_100814,CUST_1063,2026-05-08 23:00:00,2638.39,PAYMENT,US
TXN_100815,CUST_1035,2026-05-13 03:00:00,289.7,CASH_DEPOSIT,MX
TXN_100816,CUST_1081,2026-06-07 23:00:00,484.88,ATM_WITHDRAWAL,US
TXN_100817,CUST_1030,2026-06-24 10:00:00,1450.44,PAYMENT,US
TXN_100818,CUST_1063,2026-06-07 09:00:00,552.8,PAYMENT,US
TXN_100819,CUST_1043,2026-06-17 22:00:00,884.41,CASH_DEPOSIT,KY
TXN_100820,CUST_1056,2026-06-24 09:00:00,823.49,CASH_DEPOSIT,US
TXN_100821,CUST_1012,2026-05-25 15:00:00,1660.38,WIRE_TRANSFER,CA
TXN_100822,CUST_1014,2026-06-11 14:00:00,1168.36,ATM_WITHDRAWAL,CA
TXN_100823,CUST_1080,2026-06-01 08:00:00,706.55,PAYMENT,US
TXN_100824,CUST_1081,2026-05-13 15:00:00,1027.59,CASH_DEPOSIT,US
TXN_100825,CUST_1082,2026-06-29 06:00:00,2956.97,CASH_DEPOSIT,US
TXN_100826,CUST_1054,2026-06-08 03:00:00,2166.05,ATM_WITHDRAWAL,US
TXN_100827,CUST_1012,2026-06-14 16:00:00,299.45,CASH_DEPOSIT,US
TXN_100828,CUST_1059,2026-05-26 13:00:00,783.19,ATM_WITHDRAWAL,KY
TXN_100829,CUST_1071,2026-05-25 12:00:00,501.54,PAYMENT,US
TXN_100830,CUST_1091,2026-06-22 02:00:00,1022.27,PAYMENT,US
TXN_100831,CUST_1079,2026-05-22 05:00:00,1237.27,PAYMENT,US
TXN_100832,CUST_1005,2026-05-14 02:00:00,696.85,WIRE_TRANSFER,US
TXN_100833,CUST_1048,2026-06-28 04:00:00,6710.94,WIRE_TRANSFER,US
TXN_100834,CUST_1030,2026-05-21 19:00:00,1343.5,ATM_WITHDRAWAL,CA
TXN_100835,CUST_1044,2026-06-11 17:00:00,1490.59,CASH_DEPOSIT,CA
TXN_100836,CUST_1053,2026-06-05 00:00:00,658.99,CASH_DEPOSIT,US
TXN_100837,CUST_1057,2026-05-08 17:00:00,71.33,ATM_WITHDRAWAL,US
TXN_100838,CUST_1007,2026-06-28 14:00:00,1347.21,ATM_WITHDRAWAL,US
TXN_100839,CUST_1027,2026-05-25 15:00:00,1012.0,ATM_WITHDRAWAL,US
TXN_100840,CUST_1016,2026-05-30 06:00:00,2210.92,CASH_DEPOSIT,US
TXN_100841,CUST_1093,2026-05-18 12:00:00,56.41,ATM_WITHDRAWAL,US
TXN_100842,CUST_1054,2026-05-17 07:00:00,1442.27,ATM_WITHDRAWAL,MX
TXN_100843,CUST_1073,2026-06-13 20:00:00,1486.54,ATM_WITHDRAWAL,US
TXN_100844,CUST_1056,2026-06-21 08:00:00,8449.52,WIRE_TRANSFER,CA
TXN_100845,CUST_1074,2026-06-03 15:00:00,624.23,CASH_DEPOSIT,US
TXN_100846,CUST_1077,2026-06-26 07:00:00,3843.65,PAYMENT,US
TXN_100847,CUST_1041,2026-06-20 10:00:00,211.13,ATM_WITHDRAWAL,CA
TXN_100848,CUST_1031,2026-06-27 20:00:00,2713.31,CASH_DEPOSIT,MX
TXN_100849,CUST_1085,2026-06-19 05:00:00,2086.0,CASH_DEPOSIT,US
TXN_100850,CUST_1071,2026-06-10 16:00:00,823.43,ATM_WITHDRAWAL,US
TXN_100851,CUST_1020,2026-06-20 01:00:00,73.58,ATM_WITHDRAWAL,US
TXN_100852,CUST_1016,2026-05-06 18:00:00,583.1,PAYMENT,CA
TXN_100853,CUST_1036,2026-06-20 19:00:00,657.13,PAYMENT,MX
TXN_100854,CUST_1035,2026-06-27 12:00:00,1710.34,PAYMENT,US
TXN_100855,CUST_1099,2026-06-24 13:00:00,570.69,ATM_WITHDRAWAL,US
TXN_100856,CUST_1055,2026-06-28 00:00:00,640.99,WIRE_TRANSFER,CA
TXN_100857,CUST_1062,2026-05-12 07:00:00,709.04,PAYMENT,MX
TXN_100858,CUST_1026,2026-05-09 14:00:00,1867.5,PAYMENT,US
TXN_100859,CUST_1013,2026-06-14 01:00:00,434.86,ATM_WITHDRAWAL,US
TXN_100860,CUST_1072,2026-05-26 19:00:00,488.33,PAYMENT,US
TXN_100861,CUST_1023,2026-05-05 02:00:00,4268.94,WIRE_TRANSFER,CA
TXN_100862,CUST_1034,2026-05-12 08:00:00,440.44,CASH_DEPOSIT,CA
TXN_100863,CUST_1086,2026-05-31 17:00:00,2134.91,PAYMENT,US
TXN_100864,CUST_1047,2026-06-24 15:00:00,879.88,CASH_DEPOSIT,CA
TXN_100865,CUST_1002,2026-06-27 20:00:00,2993.15,CASH_DEPOSIT,CA
TXN_100866,CUST_1084,2026-06-02 19:00:00,1729.28,WIRE_TRANSFER,CY
TXN_100867,CUST_1051,2026-05-15 13:00:00,279.42,CASH_DEPOSIT,US
TXN_100868,CUST_1004,2026-05-06 16:00:00,642.29,ATM_WITHDRAWAL,CA
TXN_100869,CUST_1067,2026-05-27 17:00:00,2590.4,CASH_DEPOSIT,US
TXN_100870,CUST_1022,2026-05-03 07:00:00,1243.45,WIRE_TRANSFER,CY
TXN_100871,CUST_1071,2026-06-24 10:00:00,2281.11,CASH_DEPOSIT,US
TXN_100872,CUST_1052,2026-06-24 04:00:00,155.04,PAYMENT,US
TXN_100873,CUST_1068,2026-05-09 15:00:00,2024.09,WIRE_TRANSFER,US
TXN_100874,CUST_1029,2026-05-11 11:00:00,3106.64,PAYMENT,CA
TXN_100875,CUST_1071,2026-06-23 08:00:00,5256.08,ATM_WITHDRAWAL,US
TXN_100876,CUST_1033,2026-06-24 19:00:00,1776.54,CASH_DEPOSIT,US
TXN_100877,CUST_1039,2026-06-06 14:00:00,447.25,CASH_DEPOSIT,US
TXN_100878,CUST_1053,2026-06-11 20:00:00,2588.01,ATM_WITHDRAWAL,US
TXN_100879,CUST_1079,2026-05-08 14:00:00,606.65,CASH_DEPOSIT,US
TXN_100880,CUST_1016,2026-06-07 16:00:00,997.05,PAYMENT,CA
TXN_100881,CUST_1013,2026-06-16 07:00:00,1298.71,CASH_DEPOSIT,CA
TXN_100882,CUST_1012,2026-06-18 20:00:00,4054.66,PAYMENT,US
TXN_100883,CUST_1085,2026-06-27 16:00:00,1147.56,ATM_WITHDRAWAL,US
TXN_100884,CUST_1004,2026-05-26 19:00:00,273.71,WIRE_TRANSFER,US
TXN_100885,CUST_1017,2026-05-04 16:00:00,1891.6,CASH_DEPOSIT,US
TXN_100886,CUST_1043,2026-06-24 14:00:00,2237.99,ATM_WITHDRAWAL,US
TXN_100887,CUST_1034,2026-05-17 02:00:00,404.93,ATM_WITHDRAWAL,US
TXN_100888,CUST_1047,2026-06-13 07:00:00,1429.47,PAYMENT,US
TXN_100889,CUST_1049,2026-05-01 02:00:00,2089.61,PAYMENT,US
TXN_100890,CUST_1013,2026-06-06 15:00:00,764.43,ATM_WITHDRAWAL,US
TXN_100891,CUST_1058,2026-05-16 15:00:00,264.91,WIRE_TRANSFER,US
TXN_100892,CUST_1095,2026-06-14 01:00:00,160.94,ATM_WITHDRAWAL,US
TXN_100893,CUST_1014,2026-06-12 08:00:00,383.55,ATM_WITHDRAWAL,MX
TXN_100894,CUST_1056,2026-05-16 02:00:00,2103.9,WIRE_TRANSFER,US
TXN_100895,CUST_1068,2026-06-22 06:00:00,890.22,PAYMENT,MX
TXN_100896,CUST_1022,2026-05-05 05:00:00,2803.27,PAYMENT,US
TXN_100897,CUST_1003,2026-05-29 22:00:00,443.86,WIRE_TRANSFER,CA
TXN_100898,CUST_1039,2026-06-27 08:00:00,3487.81,CASH_DEPOSIT,US
TXN_100899,CUST_1062,2026-05-03 09:00:00,1881.6,ATM_WITHDRAWAL,US
TXN_100900,CUST_1062,2026-05-04 16:00:00,365.27,CASH_DEPOSIT,MX
TXN_100901,CUST_1069,2026-06-04 21:00:00,776.77,CASH_DEPOSIT,CA
TXN_100902,CUST_1010,2026-05-13 09:00:00,9072.76,ATM_WITHDRAWAL,US
TXN_100903,CUST_1013,2026-06-02 17:00:00,554.67,CASH_DEPOSIT,US
TXN_100904,CUST_1073,2026-05-19 14:00:00,560.56,CASH_DEPOSIT,US
TXN_100905,CUST_1029,2026-05-25 01:00:00,1260.06,CASH_DEPOSIT,US
TXN_100906,CUST_1073,2026-05-14 09:00:00,1768.74,CASH_DEPOSIT,US
TXN_100907,CUST_1040,2026-05-25 13:00:00,1393.65,ATM_WITHDRAWAL,US
TXN_100908,CUST_1098,2026-05-11 10:00:00,2712.23,CASH_DEPOSIT,KY
TXN_100909,CUST_1080,2026-05-02 11:00:00,826.13,CASH_DEPOSIT,US
TXN_100910,CUST_1074,2026-05-16 16:00:00,758.58,ATM_WITHDRAWAL,US
TXN_100911,CUST_1089,2026-05-16 05:00:00,2332.32,CASH_DEPOSIT,US
TXN_100912,CUST_1047,2026-06-11 11:00:00,770.46,PAYMENT,KY
TXN_100913,CUST_1001,2026-05-26 14:00:00,2098.18,ATM_WITHDRAWAL,US
TXN_100914,CUST_1045,2026-06-09 11:00:00,2688.94,CASH_DEPOSIT,CA
TXN_100915,CUST_1080,2026-06-25 03:00:00,147.5,CASH_DEPOSIT,US
TXN_100916,CUST_1035,2026-05-28 21:00:00,1487.08,CASH_DEPOSIT,US
TXN_100917,CUST_1022,2026-05-16 13:00:00,1640.6,WIRE_TRANSFER,MX
TXN_100918,CUST_1036,2026-05-29 02:00:00,762.73,ATM_WITHDRAWAL,US
TXN_100919,CUST_1018,2026-05-13 09:00:00,2465.46,CASH_DEPOSIT,CA
TXN_100920,CUST_1028,2026-05-20 05:00:00,681.95,ATM_WITHDRAWAL,US
TXN_100921,CUST_1015,2026-05-18 04:00:00,62.93,WIRE_TRANSFER,US
TXN_100922,CUST_1086,2026-06-03 12:00:00,1548.76,ATM_WITHDRAWAL,US
TXN_100923,CUST_1021,2026-06-21 19:00:00,539.21,ATM_WITHDRAWAL,US
TXN_100924,CUST_1018,2026-06-07 05:00:00,1683.87,PAYMENT,CA
TXN_100925,CUST_1008,2026-06-01 03:00:00,768.74,WIRE_TRANSFER,US
TXN_100926,CUST_1074,2026-06-06 21:00:00,63.35,WIRE_TRANSFER,KY
TXN_100927,CUST_1076,2026-06-11 08:00:00,1063.64,WIRE_TRANSFER,US
TXN_100928,CUST_1093,2026-05-31 02:00:00,1071.12,CASH_DEPOSIT,US
TXN_100929,CUST_1094,2026-06-22 01:00:00,804.48,ATM_WITHDRAWAL,US
TXN_100930,CUST_1059,2026-05-24 16:00:00,2861.44,PAYMENT,US
TXN_100931,CUST_1030,2026-06-12 23:00:00,217.47,CASH_DEPOSIT,US
TXN_100932,CUST_1070,2026-05-26 14:00:00,448.71,WIRE_TRANSFER,US
TXN_100933,CUST_1074,2026-05-28 00:00:00,364.19,ATM_WITHDRAWAL,CA
TXN_100934,CUST_1001,2026-06-11 23:00:00,172.79,PAYMENT,US
TXN_100935,CUST_1039,2026-06-19 10:00:00,2824.87,ATM_WITHDRAWAL,US
TXN_100936,CUST_1026,2026-06-18 21:00:00,2187.56,WIRE_TRANSFER,US
TXN_100937,CUST_1053,2026-05-30 19:00:00,242.17,WIRE_TRANSFER,US
TXN_100938,CUST_1009,2026-06-29 09:00:00,596.94,PAYMENT,US
TXN_100939,CUST_1041,2026-06-16 04:00:00,220.57,WIRE_TRANSFER,US
TXN_100940,CUST_1083,2026-06-19 10:00:00,1997.24,ATM_WITHDRAWAL,US
TXN_100941,CUST_1089,2026-05-25 01:00:00,615.14,PAYMENT,US
TXN_100942,CUST_1072,2026-05-10 01:00:00,52.37,PAYMENT,US
TXN_100943,CUST_1064,2026-06-20 03:00:00,1027.68,PAYMENT,US
TXN_100944,CUST_1056,2026-05-14 01:00:00,2469.68,CASH_DEPOSIT,US
TXN_100945,CUST_1083,2026-06-08 23:00:00,117.88,CASH_DEPOSIT,US
TXN_100946,CUST_1017,2026-05-24 13:00:00,3748.22,WIRE_TRANSFER,US
TXN_100947,CUST_1069,2026-06-05 12:00:00,1956.54,PAYMENT,CA
TXN_100948,CUST_1060,2026-06-05 23:00:00,562.01,CASH_DEPOSIT,CA
TXN_100949,CUST_1019,2026-05-18 05:00:00,448.81,ATM_WITHDRAWAL,CA
TXN_100950,CUST_1015,2026-06-28 04:00:00,601.39,PAYMENT,US
TXN_100951,CUST_1094,2026-05-14 05:00:00,596.3,PAYMENT,US
TXN_100952,CUST_1013,2026-05-07 13:00:00,2528.46,PAYMENT,MX
TXN_100953,CUST_1053,2026-06-16 11:00:00,584.66,WIRE_TRANSFER,MX
TXN_100954,CUST_1086,2026-06-09 13:00:00,3337.37,ATM_WITHDRAWAL,US
TXN_100955,CUST_1098,2026-05-17 18:00:00,29.47,WIRE_TRANSFER,US
TXN_100956,CUST_1039,2026-05-13 19:00:00,3445.81,ATM_WITHDRAWAL,US
TXN_100957,CUST_1024,2026-05-31 21:00:00,1411.43,WIRE_TRANSFER,US
TXN_100958,CUST_1088,2026-05-08 22:00:00,577.33,CASH_DEPOSIT,US
TXN_100959,CUST_1074,2026-06-08 14:00:00,890.76,WIRE_TRANSFER,US
TXN_100960,CUST_1089,2026-05-16 02:00:00,1320.98,PAYMENT,CA
TXN_100961,CUST_1057,2026-06-22 14:00:00,783.01,CASH_DEPOSIT,US
TXN_100962,CUST_1069,2026-05-08 15:00:00,690.42,ATM_WITHDRAWAL,CA
TXN_100963,CUST_1068,2026-05-27 11:00:00,1285.2,PAYMENT,US
TXN_100964,CUST_1038,2026-05-04 18:00:00,7865.6,WIRE_TRANSFER,US
TXN_100965,CUST_1042,2026-05-13 12:00:00,2198.29,PAYMENT,US
TXN_100966,CUST_1052,2026-06-14 21:00:00,337.69,ATM_WITHDRAWAL,US
TXN_100967,CUST_1041,2026-05-26 15:00:00,986.54,ATM_WITHDRAWAL,US
TXN_100968,CUST_1027,2026-05-09 19:00:00,98.08,PAYMENT,US
TXN_100969,CUST_1011,2026-05-15 22:00:00,83.93,WIRE_TRANSFER,US
TXN_100970,CUST_1010,2026-06-07 01:00:00,485.74,ATM_WITHDRAWAL,US
TXN_100971,CUST_1041,2026-05-28 00:00:00,2500.5,ATM_WITHDRAWAL,US
TXN_100972,CUST_1046,2026-06-25 06:00:00,3584.64,ATM_WITHDRAWAL,KY
TXN_100973,CUST_1011,2026-05-26 05:00:00,627.16,WIRE_TRANSFER,CY
TXN_100974,CUST_1036,2026-06-15 20:00:00,3877.66,PAYMENT,KY
TXN_100975,CUST_1053,2026-06-26 19:00:00,1493.77,WIRE_TRANSFER,CY
TXN_100976,CUST_1006,2026-06-15 10:00:00,4103.83,PAYMENT,US
TXN_100977,CUST_1022,2026-06-19 10:00:00,646.11,ATM_WITHDRAWAL,CA
TXN_100978,CUST_1028,2026-05-19 00:00:00,282.38,PAYMENT,US
TXN_100979,CUST_1091,2026-05-17 02:00:00,191.79,PAYMENT,CY
TXN_100980,CUST_1044,2026-05-15 13:00:00,6392.33,PAYMENT,US
TXN_100981,CUST_1046,2026-06-22 21:00:00,768.63,PAYMENT,US
TXN_100982,CUST_1088,2026-06-11 06:00:00,228.16,WIRE_TRANSFER,US
TXN_100983,CUST_1073,2026-05-10 06:00:00,1317.47,PAYMENT,US
TXN_100984,CUST_1051,2026-06-02 00:00:00,755.74,PAYMENT,US
TXN_100985,CUST_1016,2026-05-04 10:00:00,100.53,WIRE_TRANSFER,US
TXN_100986,CUST_1093,2026-06-19 08:00:00,1300.51,CASH_DEPOSIT,US
TXN_100987,CUST_1082,2026-06-05 17:00:00,133.9,PAYMENT,US
TXN_100988,CUST_1077,2026-06-26 17:00:00,537.16,PAYMENT,US
TXN_100989,CUST_1046,2026-06-28 03:00:00,136.08,CASH_DEPOSIT,CY
TXN_100990,CUST_1089,2026-06-17 06:00:00,2654.22,CASH_DEPOSIT,US
TXN_100991,CUST_1074,2026-05-02 11:00:00,2656.1,PAYMENT,CA
TXN_100992,CUST_1052,2026-05-07 00:00:00,3130.77,ATM_WITHDRAWAL,KY
TXN_100993,CUST_1005,2026-05-06 11:00:00,2436.84,PAYMENT,US
TXN_100994,CUST_1017,2026-05-31 04:00:00,1683.26,WIRE_TRANSFER,US
TXN_100995,CUST_1011,2026-06-23 06:00:00,3115.72,CASH_DEPOSIT,US
TXN_100996,CUST_1028,2026-06-02 10:00:00,659.74,WIRE_TRANSFER,US
TXN_100997,CUST_1043,2026-06-23 17:00:00,324.76,ATM_WITHDRAWAL,US
TXN_100998,CUST_1037,2026-06-06 00:00:00,84.36,PAYMENT,CA
TXN_100999,CUST_1067,2026-06-28 17:00:00,663.35,PAYMENT,CA
TXN_101000,CUST_1021,2026-05-02 11:00:00,1507.3,ATM_WITHDRAWAL,CA
TXN_101001,CUST_1056,2026-05-21 22:00:00,4763.2,ATM_WITHDRAWAL,US
TXN_101002,CUST_1027,2026-06-01 18:00:00,986.1,ATM_WITHDRAWAL,US
TXN_101003,CUST_1021,2026-06-01 04:00:00,2334.93,ATM_WITHDRAWAL,US
TXN_101004,CUST_1058,2026-05-10 06:00:00,135.24,WIRE_TRANSFER,US
TXN_101005,CUST_1002,2026-05-19 09:00:00,429.89,PAYMENT,US
TXN_101006,CUST_1011,2026-06-16 05:00:00,4577.87,CASH_DEPOSIT,MX
TXN_101007,CUST_1007,2026-06-24 19:00:00,1066.91,ATM_WITHDRAWAL,US
TXN_101008,CUST_1044,2026-05-08 22:00:00,1262.13,PAYMENT,MX
TXN_101009,CUST_1059,2026-05-14 12:00:00,84.88,CASH_DEPOSIT,US
TXN_101010,CUST_1097,2026-06-10 21:00:00,1126.34,PAYMENT,US
TXN_101011,CUST_1009,2026-06-12 15:00:00,918.47,WIRE_TRANSFER,US
TXN_101012,CUST_1049,2026-05-12 16:00:00,207.36,PAYMENT,US
TXN_101013,CUST_1040,2026-06-05 22:00:00,1770.29,ATM_WITHDRAWAL,CA
TXN_101014,CUST_1024,2026-05-18 12:00:00,1223.62,ATM_WITHDRAWAL,US
TXN_101015,CUST_1059,2026-06-26 18:00:00,803.46,PAYMENT,US
TXN_101016,CUST_1095,2026-05-20 00:00:00,302.35,PAYMENT,US
TXN_101017,CUST_1066,2026-05-26 07:00:00,1966.55,WIRE_TRANSFER,US
TXN_101018,CUST_1093,2026-06-14 12:00:00,162.99,CASH_DEPOSIT,US
TXN_101019,CUST_1081,2026-05-02 09:00:00,188.79,ATM_WITHDRAWAL,US
TXN_101020,CUST_1075,2026-06-16 12:00:00,1492.27,WIRE_TRANSFER,US
TXN_101021,CUST_1018,2026-06-04 06:00:00,1753.75,CASH_DEPOSIT,CY
TXN_101022,CUST_1044,2026-06-13 23:00:00,1504.29,CASH_DEPOSIT,CA
TXN_101023,CUST_1085,2026-05-23 23:00:00,334.95,WIRE_TRANSFER,CA
TXN_101024,CUST_1091,2026-05-28 00:00:00,1116.85,ATM_WITHDRAWAL,US
TXN_101025,CUST_1048,2026-06-06 02:00:00,1594.52,WIRE_TRANSFER,US
TXN_101026,CUST_1037,2026-05-13 22:00:00,8503.81,PAYMENT,US
TXN_101027,CUST_1034,2026-06-29 12:00:00,26.71,WIRE_TRANSFER,CA
TXN_101028,CUST_1085,2026-05-21 07:00:00,7167.33,CASH_DEPOSIT,US
TXN_101029,CUST_1022,2026-06-20 22:00:00,1819.59,ATM_WITHDRAWAL,US
TXN_101030,CUST_1076,2026-06-12 17:00:00,429.18,ATM_WITHDRAWAL,US
TXN_101031,CUST_1022,2026-05-27 12:00:00,363.79,PAYMENT,CA
TXN_101032,CUST_1039,2026-06-20 09:00:00,2282.64,ATM_WITHDRAWAL,US
TXN_101033,CUST_1005,2026-05-27 08:00:00,1266.88,CASH_DEPOSIT,CA
TXN_101034,CUST_1089,2026-06-09 15:00:00,1014.67,CASH_DEPOSIT,US
TXN_101035,CUST_1091,2026-05-17 08:00:00,519.9,WIRE_TRANSFER,US
TXN_101036,CUST_1005,2026-05-11 05:00:00,46.36,WIRE_TRANSFER,US
TXN_101037,CUST_1039,2026-05-03 22:00:00,966.99,CASH_DEPOSIT,US
TXN_101038,CUST_1017,2026-06-18 19:00:00,210.94,CASH_DEPOSIT,US
TXN_101039,CUST_1000,2026-06-05 12:00:00,2977.11,CASH_DEPOSIT,US
TXN_101040,CUST_1088,2026-05-16 01:00:00,2502.37,CASH_DEPOSIT,US
TXN_101041,CUST_1015,2026-06-23 18:00:00,1283.38,CASH_DEPOSIT,US
TXN_101042,CUST_1033,2026-05-16 11:00:00,435.25,PAYMENT,US
TXN_101043,CUST_1044,2026-05-06 20:00:00,114.63,WIRE_TRANSFER,CA
TXN_101044,CUST_1038,2026-05-31 09:00:00,1104.96,WIRE_TRANSFER,US
TXN_101045,CUST_1059,2026-05-24 19:00:00,2515.9,CASH_DEPOSIT,US
TXN_101046,CUST_1062,2026-06-09 08:00:00,2414.11,CASH_DEPOSIT,CY
TXN_101047,CUST_1015,2026-05-15 02:00:00,3269.59,CASH_DEPOSIT,US
TXN_101048,CUST_1019,2026-05-15 17:00:00,1714.78,ATM_WITHDRAWAL,CY
TXN_101049,CUST_1041,2026-06-14 09:00:00,517.88,CASH_DEPOSIT,MX
TXN_101050,CUST_1062,2026-06-15 08:00:00,453.96,WIRE_TRANSFER,US
TXN_101051,CUST_1041,2026-05-13 03:00:00,817.46,PAYMENT,US
TXN_101052,CUST_1072,2026-06-21 06:00:00,1721.4,WIRE_TRANSFER,CY
TXN_101053,CUST_1039,2026-06-08 20:00:00,741.49,ATM_WITHDRAWAL,US
TXN_101054,CUST_1068,2026-06-24 17:00:00,760.21,PAYMENT,US
TXN_101055,CUST_1001,2026-05-25 12:00:00,1293.71,WIRE_TRANSFER,US
TXN_101056,CUST_1069,2026-05-03 02:00:00,357.11,WIRE_TRANSFER,US
TXN_101057,CUST_1068,2026-05-19 21:00:00,20.26,ATM_WITHDRAWAL,US
TXN_101058,CUST_1061,2026-05-16 23:00:00,703.61,CASH_DEPOSIT,CA
TXN_101059,CUST_1054,2026-06-04 22:00:00,312.83,WIRE_TRANSFER,CY
TXN_101060,CUST_1006,2026-05-30 18:00:00,106.7,CASH_DEPOSIT,US
TXN_101061,CUST_1050,2026-05-08 17:00:00,1384.32,PAYMENT,US
TXN_101062,CUST_1016,2026-06-14 12:00:00,2929.79,ATM_WITHDRAWAL,CA
TXN_101063,CUST_1024,2026-05-06 23:00:00,4361.29,WIRE_TRANSFER,US
TXN_101064,CUST_1024,2026-06-24 16:00:00,1566.52,WIRE_TRANSFER,US
TXN_101065,CUST_1097,2026-05-28 02:00:00,2974.44,ATM_WITHDRAWAL,US
TXN_101066,CUST_1089,2026-06-17 20:00:00,1638.46,WIRE_TRANSFER,CA
TXN_101067,CUST_1071,2026-06-20 19:00:00,572.96,PAYMENT,MX
TXN_101068,CUST_1008,2026-06-14 00:00:00,2042.06,CASH_DEPOSIT,US
TXN_101069,CUST_1067,2026-06-04 02:00:00,560.4,WIRE_TRANSFER,MX
TXN_101070,CUST_1000,2026-05-27 15:00:00,148.42,WIRE_TRANSFER,US
TXN_101071,CUST_1074,2026-06-11 20:00:00,324.59,CASH_DEPOSIT,CA
TXN_101072,CUST_1058,2026-05-17 02:00:00,2656.59,PAYMENT,CA
TXN_101073,CUST_1046,2026-06-04 19:00:00,1677.61,WIRE_TRANSFER,US
TXN_101074,CUST_1030,2026-05-31 16:00:00,1948.5,PAYMENT,US
TXN_101075,CUST_1049,2026-06-23 13:00:00,82.52,WIRE_TRANSFER,CY
TXN_101076,CUST_1014,2026-06-19 03:00:00,483.22,ATM_WITHDRAWAL,US
TXN_101077,CUST_1046,2026-05-13 08:00:00,2250.85,WIRE_TRANSFER,US
TXN_101078,CUST_1031,2026-05-30 19:00:00,385.61,CASH_DEPOSIT,US
TXN_101079,CUST_1078,2026-06-13 13:00:00,292.38,CASH_DEPOSIT,US
TXN_101080,CUST_1070,2026-05-29 22:00:00,204.97,ATM_WITHDRAWAL,US
TXN_101081,CUST_1013,2026-05-08 21:00:00,124.29,WIRE_TRANSFER,US
TXN_101082,CUST_1055,2026-05-30 19:00:00,803.25,CASH_DEPOSIT,CA
TXN_101083,CUST_1015,2026-06-19 16:00:00,928.81,ATM_WITHDRAWAL,US
TXN_101084,CUST_1001,2026-05-04 20:00:00,590.38,ATM_WITHDRAWAL,US
TXN_101085,CUST_1088,2026-05-05 04:00:00,12.47,PAYMENT,US
TXN_101086,CUST_1036,2026-06-09 08:00:00,2981.58,CASH_DEPOSIT,US
TXN_101087,CUST_1099,2026-05-22 21:00:00,2600.88,WIRE_TRANSFER,CA
TXN_101088,CUST_1096,2026-05-18 06:00:00,405.64,CASH_DEPOSIT,CA
TXN_101089,CUST_1003,2026-05-04 17:00:00,714.59,ATM_WITHDRAWAL,US
TXN_101090,CUST_1027,2026-06-11 08:00:00,64.36,ATM_WITHDRAWAL,KY
TXN_101091,CUST_1079,2026-06-03 22:00:00,325.85,WIRE_TRANSFER,US
TXN_101092,CUST_1012,2026-06-25 17:00:00,636.1,WIRE_TRANSFER,US
TXN_101093,CUST_1038,2026-06-11 16:00:00,2235.42,ATM_WITHDRAWAL,US
TXN_101094,CUST_1029,2026-06-27 01:00:00,67.64,WIRE_TRANSFER,CA
TXN_101095,CUST_1017,2026-06-11 06:00:00,501.6,PAYMENT,CA
TXN_101096,CUST_1067,2026-06-15 16:00:00,2990.81,PAYMENT,US
TXN_101097,CUST_1089,2026-05-14 08:00:00,601.52,ATM_WITHDRAWAL,CY
TXN_101098,CUST_1055,2026-06-20 05:00:00,3527.23,PAYMENT,US
TXN_101099,CUST_1071,2026-05-01 21:00:00,231.05,CASH_DEPOSIT,US
TXN_101100,CUST_1070,2026-05-19 21:00:00,105.09,ATM_WITHDRAWAL,US
TXN_101101,CUST_1061,2026-05-30 21:00:00,3545.55,ATM_WITHDRAWAL,US
TXN_101102,CUST_1040,2026-06-11 01:00:00,4609.32,CASH_DEPOSIT,US
TXN_101103,CUST_1016,2026-06-07 13:00:00,279.2,ATM_WITHDRAWAL,CA
TXN_101104,CUST_1021,2026-05-03 23:00:00,208.32,ATM_WITHDRAWAL,US
TXN_101105,CUST_1034,2026-06-19 00:00:00,3009.86,PAYMENT,US
TXN_101106,CUST_1064,2026-06-20 00:00:00,2018.43,ATM_WITHDRAWAL,US
TXN_101107,CUST_1060,2026-06-23 07:00:00,1085.49,WIRE_TRANSFER,CA
TXN_101108,CUST_1073,2026-06-12 16:00:00,2446.68,CASH_DEPOSIT,KY
TXN_101109,CUST_1052,2026-05-07 11:00:00,3170.72,ATM_WITHDRAWAL,CY
TXN_101110,CUST_1077,2026-05-14 15:00:00,1355.55,ATM_WITHDRAWAL,CA
TXN_101111,CUST_1049,2026-05-17 04:00:00,2397.7,PAYMENT,CA
TXN_101112,CUST_1083,2026-05-01 21:00:00,1197.94,ATM_WITHDRAWAL,US
TXN_101113,CUST_1017,2026-05-06 12:00:00,70.94,CASH_DEPOSIT,US
TXN_101114,CUST_1006,2026-05-15 11:00:00,661.55,ATM_WITHDRAWAL,US
TXN_101115,CUST_1054,2026-05-27 04:00:00,1060.83,CASH_DEPOSIT,CA
TXN_101116,CUST_1079,2026-05-23 05:00:00,984.39,ATM_WITHDRAWAL,US
TXN_101117,CUST_1034,2026-05-15 02:00:00,1514.67,ATM_WITHDRAWAL,US
TXN_101118,CUST_1040,2026-05-23 06:00:00,2632.54,ATM_WITHDRAWAL,US
TXN_101119,CUST_1042,2026-05-07 08:00:00,1247.84,CASH_DEPOSIT,US
TXN_101120,CUST_1005,2026-06-08 09:00:00,2622.8,ATM_WITHDRAWAL,US
TXN_101121,CUST_1020,2026-06-29 16:00:00,338.52,CASH_DEPOSIT,US
TXN_101122,CUST_1041,2026-06-20 11:00:00,1334.69,PAYMENT,US
TXN_101123,CUST_1061,2026-05-27 16:00:00,959.6,PAYMENT,CA
TXN_101124,CUST_1001,2026-06-05 17:00:00,809.37,ATM_WITHDRAWAL,US
TXN_101125,CUST_1059,2026-05-22 00:00:00,96.03,ATM_WITHDRAWAL,US
TXN_101126,CUST_1042,2026-06-22 05:00:00,136.02,CASH_DEPOSIT,US
TXN_101127,CUST_1096,2026-05-17 23:00:00,2844.96,CASH_DEPOSIT,US
TXN_101128,CUST_1061,2026-05-24 08:00:00,3916.74,PAYMENT,US
TXN_101129,CUST_1093,2026-06-09 10:00:00,1196.73,CASH_DEPOSIT,MX
TXN_101130,CUST_1023,2026-05-10 12:00:00,336.22,CASH_DEPOSIT,US
TXN_101131,CUST_1044,2026-05-18 16:00:00,3324.14,CASH_DEPOSIT,US
TXN_101132,CUST_1003,2026-05-18 19:00:00,1374.83,PAYMENT,MX
TXN_101133,CUST_1008,2026-05-13 14:00:00,948.33,ATM_WITHDRAWAL,US
TXN_101134,CUST_1018,2026-05-26 19:00:00,836.87,WIRE_TRANSFER,US
TXN_101135,CUST_1091,2026-06-18 17:00:00,1017.22,PAYMENT,US
TXN_101136,CUST_1041,2026-05-19 16:00:00,2164.33,PAYMENT,CA
TXN_101137,CUST_1062,2026-05-03 10:00:00,2840.48,CASH_DEPOSIT,US
TXN_101138,CUST_1051,2026-06-05 20:00:00,1474.1,WIRE_TRANSFER,CA
TXN_101139,CUST_1015,2026-05-24 21:00:00,895.77,WIRE_TRANSFER,US
TXN_101140,CUST_1079,2026-05-16 07:00:00,946.0,CASH_DEPOSIT,US
TXN_101141,CUST_1019,2026-05-16 06:00:00,381.01,CASH_DEPOSIT,US
TXN_101142,CUST_1077,2026-05-07 00:00:00,50.85,WIRE_TRANSFER,US
TXN_101143,CUST_1066,2026-06-21 03:00:00,765.72,CASH_DEPOSIT,US
TXN_101144,CUST_1029,2026-06-18 11:00:00,1126.82,WIRE_TRANSFER,CA
TXN_101145,CUST_1087,2026-06-03 11:00:00,1083.0,WIRE_TRANSFER,US
TXN_101146,CUST_1039,2026-05-02 09:00:00,674.66,CASH_DEPOSIT,US
TXN_101147,CUST_1080,2026-06-17 01:00:00,2926.99,PAYMENT,CY
TXN_101148,CUST_1054,2026-05-12 07:00:00,2912.24,WIRE_TRANSFER,US
TXN_101149,CUST_1082,2026-06-03 11:00:00,1097.5,CASH_DEPOSIT,US
TXN_101150,CUST_1099,2026-05-22 17:00:00,2778.76,PAYMENT,US
TXN_101151,CUST_1050,2026-06-09 06:00:00,2901.86,PAYMENT,US
TXN_101152,CUST_1026,2026-06-22 10:00:00,2259.52,CASH_DEPOSIT,CA
TXN_101153,CUST_1010,2026-05-15 02:00:00,2029.85,WIRE_TRANSFER,CA
TXN_101154,CUST_1008,2026-05-15 02:00:00,516.3,CASH_DEPOSIT,US
TXN_101155,CUST_1071,2026-05-21 10:00:00,2937.2,WIRE_TRANSFER,US
TXN_101156,CUST_1034,2026-06-24 13:00:00,1915.41,ATM_WITHDRAWAL,CY
TXN_101157,CUST_1033,2026-06-10 09:00:00,170.34,WIRE_TRANSFER,CA
TXN_101158,CUST_1094,2026-06-20 00:00:00,98.53,PAYMENT,US
TXN_101159,CUST_1097,2026-06-11 20:00:00,3439.41,WIRE_TRANSFER,US
TXN_101160,CUST_1018,2026-05-02 11:00:00,1925.53,CASH_DEPOSIT,US
TXN_101161,CUST_1050,2026-05-11 11:00:00,796.09,CASH_DEPOSIT,US
TXN_101162,CUST_1052,2026-06-05 09:00:00,2463.48,CASH_DEPOSIT,US
TXN_101163,CUST_1092,2026-06-11 11:00:00,1620.77,CASH_DEPOSIT,US
TXN_101164,CUST_1084,2026-05-22 20:00:00,649.27,PAYMENT,CY
TXN_101165,CUST_1087,2026-05-23 06:00:00,605.99,CASH_DEPOSIT,CA
TXN_101166,CUST_1060,2026-06-13 21:00:00,2877.97,PAYMENT,US
TXN_101167,CUST_1005,2026-05-17 18:00:00,107.78,WIRE_TRANSFER,US
TXN_101168,CUST_1071,2026-05-21 23:00:00,1438.6,WIRE_TRANSFER,US
TXN_101169,CUST_1087,2026-06-02 17:00:00,2090.36,PAYMENT,US
TXN_101170,CUST_1075,2026-06-17 09:00:00,452.27,ATM_WITHDRAWAL,CA
TXN_101171,CUST_1041,2026-06-01 09:00:00,951.75,WIRE_TRANSFER,CA
TXN_101172,CUST_1056,2026-06-21 07:00:00,734.05,WIRE_TRANSFER,CA
TXN_101173,CUST_1070,2026-06-09 00:00:00,443.3,CASH_DEPOSIT,US
TXN_101174,CUST_1097,2026-05-20 02:00:00,1302.75,ATM_WITHDRAWAL,US
TXN_101175,CUST_1087,2026-05-08 11:00:00,167.2,CASH_DEPOSIT,CA
TXN_101176,CUST_1010,2026-05-02 03:00:00,1387.41,CASH_DEPOSIT,CA
TXN_101177,CUST_1067,2026-06-11 18:00:00,922.24,WIRE_TRANSFER,US
TXN_101178,CUST_1022,2026-06-28 21:00:00,584.18,PAYMENT,MX
TXN_101179,CUST_1052,2026-06-26 07:00:00,3669.34,WIRE_TRANSFER,US
TXN_101180,CUST_1029,2026-06-23 12:00:00,640.74,ATM_WITHDRAWAL,MX
TXN_101181,CUST_1057,2026-06-27 11:00:00,34.24,WIRE_TRANSFER,CY
TXN_101182,CUST_1076,2026-06-06 21:00:00,134.61,PAYMENT,US
TXN_101183,CUST_1025,2026-05-26 23:00:00,212.21,PAYMENT,US
TXN_101184,CUST_1059,2026-05-09 14:00:00,1166.15,CASH_DEPOSIT,US
TXN_101185,CUST_1051,2026-05-13 08:00:00,580.17,CASH_DEPOSIT,CA
TXN_101186,CUST_1006,2026-06-09 02:00:00,1483.16,ATM_WITHDRAWAL,US
TXN_101187,CUST_1069,2026-05-01 03:00:00,1795.08,ATM_WITHDRAWAL,CY
TXN_101188,CUST_1022,2026-05-29 20:00:00,446.59,PAYMENT,US
TXN_101189,CUST_1039,2026-05-13 22:00:00,351.36,ATM_WITHDRAWAL,CA
TXN_101190,CUST_1067,2026-06-09 15:00:00,41.85,ATM_WITHDRAWAL,US
TXN_101191,CUST_1011,2026-05-26 04:00:00,3257.35,PAYMENT,US
TXN_101192,CUST_1011,2026-05-05 21:00:00,746.47,PAYMENT,CA
TXN_101193,CUST_1068,2026-06-03 13:00:00,2098.01,WIRE_TRANSFER,CY
TXN_101194,CUST_1057,2026-05-14 10:00:00,849.61,WIRE_TRANSFER,US
TXN_101195,CUST_1070,2026-06-25 08:00:00,3868.93,PAYMENT,KY
TXN_101196,CUST_1042,2026-06-26 14:00:00,567.26,WIRE_TRANSFER,US
TXN_101197,CUST_1053,2026-06-20 09:00:00,4646.84,PAYMENT,MX
TXN_101198,CUST_1079,2026-06-09 03:00:00,789.17,CASH_DEPOSIT,US
TXN_101199,CUST_1066,2026-05-09 20:00:00,2035.63,WIRE_TRANSFER,US
TXN_101200,CUST_1097,2026-06-10 13:00:00,1017.75,PAYMENT,US
TXN_101201,CUST_1049,2026-05-15 09:00:00,100.35,PAYMENT,US
TXN_101202,CUST_1000,2026-06-08 16:00:00,4626.89,PAYMENT,MX
TXN_101203,CUST_1045,2026-06-11 21:00:00,35.2,ATM_WITHDRAWAL,US
TXN_101204,CUST_1022,2026-05-22 03:00:00,507.58,CASH_DEPOSIT,US
TXN_101205,CUST_1086,2026-05-02 16:00:00,220.72,PAYMENT,CA
TXN_101206,CUST_1030,2026-06-16 07:00:00,829.0,PAYMENT,US
TXN_101207,CUST_1087,2026-06-18 15:00:00,2407.78,CASH_DEPOSIT,MX
TXN_101208,CUST_1067,2026-05-16 11:00:00,5113.57,WIRE_TRANSFER,US
TXN_101209,CUST_1085,2026-06-19 17:00:00,844.93,ATM_WITHDRAWAL,US
TXN_101210,CUST_1084,2026-06-25 03:00:00,3117.37,ATM_WITHDRAWAL,US
TXN_101211,CUST_1052,2026-05-20 14:00:00,5365.06,ATM_WITHDRAWAL,US
TXN_101212,CUST_1078,2026-05-17 17:00:00,2936.39,CASH_DEPOSIT,US
TXN_101213,CUST_1017,2026-05-14 03:00:00,1894.91,PAYMENT,KY
TXN_101214,CUST_1043,2026-05-07 11:00:00,616.84,CASH_DEPOSIT,CY
TXN_101215,CUST_1068,2026-06-24 09:00:00,1006.05,PAYMENT,US
TXN_101216,CUST_1068,2026-06-27 09:00:00,1865.11,WIRE_TRANSFER,KY
TXN_101217,CUST_1050,2026-05-21 07:00:00,1921.9,CASH_DEPOSIT,US
TXN_101218,CUST_1084,2026-05-30 20:00:00,43.13,CASH_DEPOSIT,CA
TXN_101219,CUST_1056,2026-05-31 19:00:00,4129.24,CASH_DEPOSIT,US
TXN_101220,CUST_1018,2026-06-05 17:00:00,188.06,CASH_DEPOSIT,US
TXN_101221,CUST_1061,2026-05-29 10:00:00,6488.59,CASH_DEPOSIT,US
TXN_101222,CUST_1094,2026-05-06 00:00:00,623.79,ATM_WITHDRAWAL,US
TXN_101223,CUST_1079,2026-06-25 13:00:00,87.74,ATM_WITHDRAWAL,US
TXN_101224,CUST_1024,2026-05-28 04:00:00,968.69,PAYMENT,US
TXN_101225,CUST_1056,2026-05-29 18:00:00,1861.66,PAYMENT,US
TXN_101226,CUST_1041,2026-05-21 02:00:00,900.09,CASH_DEPOSIT,CA
TXN_101227,CUST_1054,2026-05-20 19:00:00,146.47,PAYMENT,US
TXN_101228,CUST_1054,2026-06-17 22:00:00,621.68,WIRE_TRANSFER,US
TXN_101229,CUST_1086,2026-05-09 16:00:00,2506.5,CASH_DEPOSIT,CY
TXN_101230,CUST_1006,2026-06-23 09:00:00,4290.61,WIRE_TRANSFER,CA
TXN_101231,CUST_1026,2026-06-16 01:00:00,1758.76,ATM_WITHDRAWAL,CA
TXN_101232,CUST_1068,2026-06-08 17:00:00,4690.01,CASH_DEPOSIT,US
TXN_101233,CUST_1038,2026-06-05 07:00:00,95.98,CASH_DEPOSIT,US
TXN_101234,CUST_1029,2026-05-12 03:00:00,101.3,PAYMENT,US
TXN_101235,CUST_1023,2026-05-14 04:00:00,152.39,WIRE_TRANSFER,US
TXN_101236,CUST_1081,2026-05-17 23:00:00,290.33,ATM_WITHDRAWAL,US
TXN_101237,CUST_1078,2026-06-01 08:00:00,59.39,ATM_WITHDRAWAL,US
TXN_101238,CUST_1034,2026-05-22 18:00:00,2500.93,CASH_DEPOSIT,US
TXN_101239,CUST_1048,2026-06-14 00:00:00,463.38,WIRE_TRANSFER,US
TXN_101240,CUST_1061,2026-06-08 21:00:00,2804.54,WIRE_TRANSFER,US
TXN_101241,CUST_1091,2026-05-18 06:00:00,1273.19,CASH_DEPOSIT,MX
TXN_101242,CUST_1053,2026-05-31 01:00:00,748.42,ATM_WITHDRAWAL,US
TXN_101243,CUST_1058,2026-05-09 08:00:00,209.31,WIRE_TRANSFER,US
TXN_101244,CUST_1081,2026-05-05 13:00:00,1767.37,PAYMENT,CA
TXN_101245,CUST_1063,2026-05-25 11:00:00,1130.12,WIRE_TRANSFER,US
TXN_101246,CUST_1022,2026-06-17 19:00:00,89.56,CASH_DEPOSIT,US
TXN_101247,CUST_1087,2026-05-25 00:00:00,578.89,ATM_WITHDRAWAL,US
TXN_101248,CUST_1004,2026-06-13 17:00:00,565.44,WIRE_TRANSFER,KY
TXN_101249,CUST_1017,2026-05-02 09:00:00,1298.96,ATM_WITHDRAWAL,KY
TXN_101250,CUST_1067,2026-05-07 08:00:00,2855.15,ATM_WITHDRAWAL,US
TXN_101251,CUST_1033,2026-05-06 17:00:00,6466.2,WIRE_TRANSFER,US
TXN_101252,CUST_1033,2026-06-13 14:00:00,2539.43,WIRE_TRANSFER,US
TXN_101253,CUST_1031,2026-05-03 02:00:00,1705.83,WIRE_TRANSFER,US
TXN_101254,CUST_1075,2026-05-29 15:00:00,1462.3,CASH_DEPOSIT,US
TXN_101255,CUST_1003,2026-05-10 06:00:00,419.19,PAYMENT,US
TXN_101256,CUST_1068,2026-06-01 09:00:00,377.8,CASH_DEPOSIT,US
TXN_101257,CUST_1023,2026-06-07 03:00:00,4650.56,PAYMENT,CA
TXN_101258,CUST_1039,2026-06-17 21:00:00,475.49,ATM_WITHDRAWAL,US
TXN_101259,CUST_1039,2026-05-13 03:00:00,2805.18,WIRE_TRANSFER,US
TXN_101260,CUST_1016,2026-06-05 07:00:00,104.26,CASH_DEPOSIT,CA
TXN_101261,CUST_1076,2026-06-21 01:00:00,300.42,PAYMENT,MX
TXN_101262,CUST_1021,2026-06-16 10:00:00,2983.05,ATM_WITHDRAWAL,CA
TXN_101263,CUST_1011,2026-05-24 04:00:00,2873.69,PAYMENT,US
TXN_101264,CUST_1056,2026-06-22 12:00:00,1147.26,PAYMENT,US
TXN_101265,CUST_1056,2026-06-09 21:00:00,1273.51,PAYMENT,US
TXN_101266,CUST_1004,2026-05-26 10:00:00,3307.35,WIRE_TRANSFER,US
TXN_101267,CUST_1033,2026-05-03 07:00:00,407.63,ATM_WITHDRAWAL,US
TXN_101268,CUST_1065,2026-05-06 08:00:00,1062.17,ATM_WITHDRAWAL,US
TXN_101269,CUST_1049,2026-05-16 11:00:00,540.64,ATM_WITHDRAWAL,US
TXN_101270,CUST_1069,2026-05-23 13:00:00,548.87,WIRE_TRANSFER,MX
TXN_101271,CUST_1083,2026-05-25 14:00:00,69.29,PAYMENT,US
TXN_101272,CUST_1048,2026-06-21 00:00:00,2475.84,WIRE_TRANSFER,US
TXN_101273,CUST_1017,2026-06-07 21:00:00,3026.93,CASH_DEPOSIT,US
TXN_101274,CUST_1063,2026-05-10 14:00:00,858.48,WIRE_TRANSFER,KY
TXN_101275,CUST_1086,2026-06-02 15:00:00,1329.34,WIRE_TRANSFER,US
TXN_101276,CUST_1001,2026-05-30 12:00:00,476.21,CASH_DEPOSIT,MX
TXN_101277,CUST_1091,2026-06-22 06:00:00,2043.93,CASH_DEPOSIT,US
TXN_101278,CUST_1093,2026-06-27 12:00:00,382.43,ATM_WITHDRAWAL,US
TXN_101279,CUST_1046,2026-06-22 05:00:00,4306.6,CASH_DEPOSIT,US
TXN_101280,CUST_1014,2026-06-01 15:00:00,1283.55,ATM_WITHDRAWAL,CY
TXN_101281,CUST_1053,2026-06-27 18:00:00,9104.29,ATM_WITHDRAWAL,US
TXN_101282,CUST_1063,2026-05-29 19:00:00,47.43,ATM_WITHDRAWAL,US
TXN_101283,CUST_1026,2026-06-02 20:00:00,5510.05,ATM_WITHDRAWAL,KY
TXN_101284,CUST_1090,2026-06-05 10:00:00,1569.0,ATM_WITHDRAWAL,US
TXN_101285,CUST_1098,2026-06-04 06:00:00,3652.54,CASH_DEPOSIT,US
TXN_101286,CUST_1066,2026-06-20 01:00:00,109.59,WIRE_TRANSFER,US
TXN_101287,CUST_1073,2026-05-05 08:00:00,944.37,WIRE_TRANSFER,CA
TXN_101288,CUST_1030,2026-05-10 17:00:00,771.15,PAYMENT,CY
TXN_101289,CUST_1069,2026-06-17 16:00:00,984.75,ATM_WITHDRAWAL,US
TXN_101290,CUST_1060,2026-05-21 12:00:00,1894.6,WIRE_TRANSFER,US
TXN_101291,CUST_1071,2026-05-05 14:00:00,172.26,ATM_WITHDRAWAL,US
TXN_101292,CUST_1002,2026-06-21 14:00:00,5416.46,ATM_WITHDRAWAL,KY
TXN_101293,CUST_1020,2026-05-02 21:00:00,2592.73,ATM_WITHDRAWAL,US
TXN_101294,CUST_1045,2026-05-25 10:00:00,427.94,PAYMENT,US
TXN_101295,CUST_1063,2026-06-07 20:00:00,3640.71,PAYMENT,CA
TXN_101296,CUST_1063,2026-06-25 19:00:00,2794.24,PAYMENT,US
TXN_101297,CUST_1092,2026-06-17 08:00:00,1737.01,ATM_WITHDRAWAL,CA
TXN_101298,CUST_1079,2026-06-05 19:00:00,315.47,CASH_DEPOSIT,US
TXN_101299,CUST_1022,2026-06-10 07:00:00,36.48,CASH_DEPOSIT,US
TXN_101300,CUST_1037,2026-05-31 13:00:00,603.43,CASH_DEPOSIT,US
TXN_101301,CUST_1090,2026-05-24 12:00:00,881.71,WIRE_TRANSFER,US
TXN_101302,CUST_1091,2026-05-28 07:00:00,1752.05,ATM_WITHDRAWAL,MX
TXN_101303,CUST_1041,2026-06-05 08:00:00,1785.58,ATM_WITHDRAWAL,US
TXN_101304,CUST_1072,2026-06-22 00:00:00,1494.69,ATM_WITHDRAWAL,US
TXN_101305,CUST_1053,2026-05-03 05:00:00,593.63,CASH_DEPOSIT,CA
TXN_101306,CUST_1057,2026-06-27 17:00:00,2494.75,ATM_WITHDRAWAL,US
TXN_101307,CUST_1019,2026-06-08 23:00:00,544.88,PAYMENT,US
TXN_101308,CUST_1000,2026-06-22 19:00:00,1310.51,CASH_DEPOSIT,US
TXN_101309,CUST_1045,2026-06-24 10:00:00,412.57,PAYMENT,US
TXN_101310,CUST_1025,2026-05-13 00:00:00,243.65,PAYMENT,CA
TXN_101311,CUST_1027,2026-06-05 15:00:00,247.82,PAYMENT,US
TXN_101312,CUST_1053,2026-05-15 15:00:00,1735.31,ATM_WITHDRAWAL,US
TXN_101313,CUST_1078,2026-05-26 18:00:00,901.23,PAYMENT,US
TXN_101314,CUST_1009,2026-05-11 17:00:00,533.95,WIRE_TRANSFER,US
TXN_101315,CUST_1086,2026-05-07 06:00:00,459.55,ATM_WITHDRAWAL,MX
TXN_101316,CUST_1032,2026-06-06 15:00:00,355.29,ATM_WITHDRAWAL,US
TXN_101317,CUST_1031,2026-05-04 19:00:00,1737.9,WIRE_TRANSFER,US
TXN_101318,CUST_1076,2026-05-01 23:00:00,553.04,ATM_WITHDRAWAL,US
TXN_101319,CUST_1054,2026-05-25 15:00:00,1090.04,WIRE_TRANSFER,US
TXN_101320,CUST_1050,2026-05-22 23:00:00,1994.38,ATM_WITHDRAWAL,CA
TXN_101321,CUST_1099,2026-06-05 03:00:00,415.45,PAYMENT,US
TXN_101322,CUST_1079,2026-06-10 17:00:00,400.87,WIRE_TRANSFER,US
TXN_101323,CUST_1043,2026-06-08 14:00:00,172.66,ATM_WITHDRAWAL,US
TXN_101324,CUST_1016,2026-05-16 18:00:00,839.51,CASH_DEPOSIT,US
TXN_101325,CUST_1001,2026-06-21 15:00:00,953.9,WIRE_TRANSFER,US
TXN_101326,CUST_1057,2026-06-08 14:00:00,2413.36,ATM_WITHDRAWAL,US
TXN_101327,CUST_1082,2026-06-28 04:00:00,733.92,WIRE_TRANSFER,US
TXN_101328,CUST_1006,2026-05-14 22:00:00,567.4,PAYMENT,CA
TXN_101329,CUST_1031,2026-05-10 10:00:00,4591.14,CASH_DEPOSIT,US
TXN_101330,CUST_1048,2026-06-02 03:00:00,3137.41,PAYMENT,US
TXN_101331,CUST_1028,2026-06-19 13:00:00,455.9,CASH_DEPOSIT,CA
TXN_101332,CUST_1028,2026-05-15 03:00:00,928.03,WIRE_TRANSFER,US
TXN_101333,CUST_1079,2026-05-11 13:00:00,789.29,ATM_WITHDRAWAL,US
TXN_101334,CUST_1063,2026-06-07 12:00:00,3614.68,WIRE_TRANSFER,US
TXN_101335,CUST_1057,2026-06-17 05:00:00,472.18,CASH_DEPOSIT,US
TXN_101336,CUST_1091,2026-06-21 04:00:00,1058.37,PAYMENT,CA
TXN_101337,CUST_1068,2026-05-31 12:00:00,105.63,CASH_DEPOSIT,CA
TXN_101338,CUST_1066,2026-05-30 17:00:00,2293.03,PAYMENT,US
TXN_101339,CUST_1029,2026-05-09 01:00:00,824.32,WIRE_TRANSFER,US
TXN_101340,CUST_1050,2026-05-13 06:00:00,232.29,PAYMENT,US
TXN_101341,CUST_1001,2026-06-23 08:00:00,202.39,PAYMENT,US
TXN_101342,CUST_1001,2026-06-01 17:00:00,2786.74,CASH_DEPOSIT,US
TXN_101343,CUST_1043,2026-05-10 23:00:00,681.32,ATM_WITHDRAWAL,CA
TXN_101344,CUST_1029,2026-05-07 05:00:00,1157.93,WIRE_TRANSFER,KY
TXN_101345,CUST_1025,2026-06-26 23:00:00,644.15,CASH_DEPOSIT,US
TXN_101346,CUST_1048,2026-06-11 11:00:00,1892.65,CASH_DEPOSIT,US
TXN_101347,CUST_1097,2026-05-26 17:00:00,1488.34,CASH_DEPOSIT,US
TXN_101348,CUST_1043,2026-05-22 20:00:00,905.87,ATM_WITHDRAWAL,US
TXN_101349,CUST_1029,2026-05-08 01:00:00,4804.36,CASH_DEPOSIT,US
TXN_101350,CUST_1024,2026-05-19 04:00:00,2165.51,ATM_WITHDRAWAL,US
TXN_101351,CUST_1086,2026-05-27 07:00:00,1335.02,PAYMENT,US
TXN_101352,CUST_1049,2026-06-11 06:00:00,1909.13,PAYMENT,US
TXN_101353,CUST_1082,2026-06-02 14:00:00,2526.11,PAYMENT,US
TXN_101354,CUST_1011,2026-05-08 04:00:00,1493.41,WIRE_TRANSFER,CA
TXN_101355,CUST_1025,2026-05-05 21:00:00,3036.24,ATM_WITHDRAWAL,US
TXN_101356,CUST_1022,2026-06-02 10:00:00,352.72,WIRE_TRANSFER,US
TXN_101357,CUST_1015,2026-05-13 06:00:00,991.42,CASH_DEPOSIT,US
TXN_101358,CUST_1037,2026-05-02 16:00:00,2430.31,WIRE_TRANSFER,US
TXN_101359,CUST_1087,2026-05-18 08:00:00,1456.44,PAYMENT,US
TXN_101360,CUST_1061,2026-05-29 05:00:00,622.87,WIRE_TRANSFER,CY
TXN_101361,CUST_1038,2026-05-12 02:00:00,1184.41,WIRE_TRANSFER,US
TXN_101362,CUST_1070,2026-06-09 17:00:00,1473.08,CASH_DEPOSIT,US
TXN_101363,CUST_1054,2026-06-28 08:00:00,957.52,ATM_WITHDRAWAL,MX
TXN_101364,CUST_1097,2026-06-20 01:00:00,1102.45,ATM_WITHDRAWAL,US
TXN_101365,CUST_1058,2026-05-06 22:00:00,1505.91,PAYMENT,CA
TXN_101366,CUST_1081,2026-06-08 08:00:00,4923.68,PAYMENT,CY
TXN_101367,CUST_1093,2026-05-04 04:00:00,1688.62,CASH_DEPOSIT,US
TXN_101368,CUST_1081,2026-05-12 12:00:00,612.77,CASH_DEPOSIT,US
TXN_101369,CUST_1047,2026-05-24 02:00:00,1988.59,WIRE_TRANSFER,US
TXN_101370,CUST_1045,2026-05-29 02:00:00,505.43,PAYMENT,US
TXN_101371,CUST_1041,2026-06-10 10:00:00,3182.83,PAYMENT,CY
TXN_101372,CUST_1063,2026-06-20 01:00:00,20.68,PAYMENT,US
TXN_101373,CUST_1025,2026-05-29 02:00:00,2351.57,WIRE_TRANSFER,US
TXN_101374,CUST_1064,2026-06-22 02:00:00,564.24,WIRE_TRANSFER,US
TXN_101375,CUST_1086,2026-05-21 00:00:00,2798.64,CASH_DEPOSIT,US
TXN_101376,CUST_1043,2026-06-05 12:00:00,3585.06,CASH_DEPOSIT,US
TXN_101377,CUST_1002,2026-05-12 06:00:00,377.13,PAYMENT,US
TXN_101378,CUST_1086,2026-05-30 04:00:00,4252.18,CASH_DEPOSIT,US
TXN_101379,CUST_1090,2026-06-18 01:00:00,5035.55,PAYMENT,US
TXN_101380,CUST_1045,2026-06-06 18:00:00,1163.33,PAYMENT,US
TXN_101381,CUST_1001,2026-06-09 08:00:00,4048.27,ATM_WITHDRAWAL,US
TXN_101382,CUST_1020,2026-06-27 04:00:00,1181.38,PAYMENT,US
TXN_101383,CUST_1060,2026-06-07 19:00:00,211.3,WIRE_TRANSFER,CA
TXN_101384,CUST_1025,2026-05-06 08:00:00,2575.83,CASH_DEPOSIT,US
TXN_101385,CUST_1004,2026-05-13 18:00:00,1413.89,PAYMENT,US
TXN_101386,CUST_1034,2026-05-12 04:00:00,1488.59,WIRE_TRANSFER,US
TXN_101387,CUST_1046,2026-06-23 02:00:00,5801.09,PAYMENT,US
TXN_101388,CUST_1087,2026-06-09 21:00:00,223.16,CASH_DEPOSIT,US
TXN_101389,CUST_1015,2026-06-19 19:00:00,538.37,PAYMENT,US
TXN_101390,CUST_1088,2026-06-15 23:00:00,3126.36,PAYMENT,US
TXN_101391,CUST_1086,2026-06-19 12:00:00,670.24,PAYMENT,CA
TXN_101392,CUST_1035,2026-06-18 04:00:00,588.62,WIRE_TRANSFER,CA
TXN_101393,CUST_1081,2026-06-18 17:00:00,821.63,ATM_WITHDRAWAL,US
TXN_101394,CUST_1054,2026-05-16 02:00:00,196.62,PAYMENT,US
TXN_101395,CUST_1013,2026-05-15 16:00:00,2538.06,CASH_DEPOSIT,CY
TXN_101396,CUST_1056,2026-06-12 16:00:00,1160.8,WIRE_TRANSFER,US
TXN_101397,CUST_1018,2026-06-22 06:00:00,967.71,PAYMENT,US
TXN_101398,CUST_1032,2026-06-08 07:00:00,1339.74,WIRE_TRANSFER,CY
TXN_101399,CUST_1053,2026-05-17 18:00:00,3594.62,ATM_WITHDRAWAL,US
TXN_101400,CUST_1033,2026-05-20 03:00:00,419.38,WIRE_TRANSFER,CY
TXN_101401,CUST_1090,2026-05-16 16:00:00,1764.76,PAYMENT,MX
TXN_101402,CUST_1015,2026-06-09 11:00:00,899.42,ATM_WITHDRAWAL,CY
TXN_101403,CUST_1099,2026-06-17 16:00:00,428.51,PAYMENT,US
TXN_101404,CUST_1019,2026-05-25 01:00:00,1863.18,CASH_DEPOSIT,US
TXN_101405,CUST_1002,2026-05-20 05:00:00,630.4,ATM_WITHDRAWAL,US
TXN_101406,CUST_1069,2026-06-14 01:00:00,90.54,ATM_WITHDRAWAL,MX
TXN_101407,CUST_1013,2026-06-27 21:00:00,662.02,ATM_WITHDRAWAL,CA
TXN_101408,CUST_1087,2026-06-28 09:00:00,304.97,PAYMENT,US
TXN_101409,CUST_1057,2026-06-17 23:00:00,1323.0,CASH_DEPOSIT,CA
TXN_101410,CUST_1058,2026-06-01 19:00:00,214.12,WIRE_TRANSFER,MX
TXN_101411,CUST_1008,2026-06-29 02:00:00,68.19,PAYMENT,CA
TXN_101412,CUST_1085,2026-05-19 20:00:00,15.89,PAYMENT,KY
TXN_101413,CUST_1030,2026-06-18 15:00:00,1079.19,ATM_WITHDRAWAL,US
TXN_101414,CUST_1011,2026-05-15 10:00:00,346.05,CASH_DEPOSIT,MX
TXN_101415,CUST_1025,2026-06-13 01:00:00,171.93,PAYMENT,US
TXN_101416,CUST_1049,2026-06-07 22:00:00,2437.91,ATM_WITHDRAWAL,US
TXN_101417,CUST_1065,2026-06-28 07:00:00,198.36,CASH_DEPOSIT,CA
TXN_101418,CUST_1049,2026-05-14 21:00:00,1481.61,WIRE_TRANSFER,CY
TXN_101419,CUST_1062,2026-06-13 11:00:00,87.45,ATM_WITHDRAWAL,US
TXN_101420,CUST_1027,2026-05-11 06:00:00,2050.08,CASH_DEPOSIT,CA
TXN_101421,CUST_1082,2026-06-17 21:00:00,262.25,CASH_DEPOSIT,US
TXN_101422,CUST_1049,2026-05-23 12:00:00,450.88,CASH_DEPOSIT,US
TXN_101423,CUST_1008,2026-06-26 18:00:00,96.33,ATM_WITHDRAWAL,US
TXN_101424,CUST_1096,2026-05-08 18:00:00,94.08,CASH_DEPOSIT,CA
TXN_101425,CUST_1097,2026-05-06 21:00:00,1246.92,WIRE_TRANSFER,US
TXN_101426,CUST_1065,2026-05-02 14:00:00,1073.16,ATM_WITHDRAWAL,US
TXN_101427,CUST_1093,2026-05-28 13:00:00,423.76,PAYMENT,US
TXN_101428,CUST_1069,2026-06-20 23:00:00,455.25,WIRE_TRANSFER,US
TXN_101429,CUST_1023,2026-06-07 01:00:00,4168.43,PAYMENT,US
TXN_101430,CUST_1023,2026-05-01 17:00:00,157.47,PAYMENT,CY
TXN_101431,CUST_1070,2026-05-23 20:00:00,1116.31,WIRE_TRANSFER,US
TXN_101432,CUST_1092,2026-06-11 17:00:00,781.9,WIRE_TRANSFER,US
TXN_101433,CUST_1052,2026-05-08 03:00:00,4034.87,ATM_WITHDRAWAL,US
TXN_101434,CUST_1097,2026-05-30 07:00:00,1261.17,ATM_WITHDRAWAL,US
TXN_101435,CUST_1036,2026-06-03 06:00:00,792.37,ATM_WITHDRAWAL,CA
TXN_101436,CUST_1091,2026-05-14 20:00:00,4692.05,WIRE_TRANSFER,US
TXN_101437,CUST_1024,2026-05-07 05:00:00,15.95,PAYMENT,US
TXN_101438,CUST_1019,2026-05-19 15:00:00,1587.84,PAYMENT,MX
TXN_101439,CUST_1006,2026-05-23 06:00:00,384.75,WIRE_TRANSFER,CA
TXN_101440,CUST_1008,2026-06-17 18:00:00,288.05,WIRE_TRANSFER,US
TXN_101441,CUST_1024,2026-06-21 13:00:00,1230.73,PAYMENT,MX
TXN_101442,CUST_1078,2026-05-16 07:00:00,777.06,WIRE_TRANSFER,US
TXN_101443,CUST_1027,2026-05-21 14:00:00,373.99,WIRE_TRANSFER,US
TXN_101444,CUST_1029,2026-05-22 02:00:00,5528.99,CASH_DEPOSIT,CA
TXN_101445,CUST_1001,2026-05-12 21:00:00,163.68,WIRE_TRANSFER,US
TXN_101446,CUST_1092,2026-06-28 01:00:00,1647.86,CASH_DEPOSIT,US
TXN_101447,CUST_1073,2026-06-03 11:00:00,2248.03,ATM_WITHDRAWAL,US
TXN_101448,CUST_1096,2026-06-16 05:00:00,1178.72,PAYMENT,CA
TXN_101449,CUST_1095,2026-05-27 00:00:00,736.63,ATM_WITHDRAWAL,US
TXN_101450,CUST_1031,2026-05-05 16:00:00,1160.08,WIRE_TRANSFER,US
TXN_101451,CUST_1008,2026-06-25 22:00:00,5014.47,ATM_WITHDRAWAL,CA
TXN_101452,CUST_1053,2026-05-20 17:00:00,531.77,CASH_DEPOSIT,US
TXN_101453,CUST_1045,2026-05-24 01:00:00,36.81,WIRE_TRANSFER,CA
TXN_101454,CUST_1038,2026-06-12 02:00:00,278.0,CASH_DEPOSIT,US
TXN_101455,CUST_1036,2026-05-27 07:00:00,1129.65,WIRE_TRANSFER,CA
TXN_101456,CUST_1016,2026-06-02 14:00:00,1676.3,WIRE_TRANSFER,US
TXN_101457,CUST_1008,2026-06-02 16:00:00,1248.13,CASH_DEPOSIT,US
TXN_101458,CUST_1068,2026-05-10 05:00:00,1855.23,PAYMENT,US
TXN_101459,CUST_1019,2026-06-26 14:00:00,886.0,WIRE_TRANSFER,US
TXN_101460,CUST_1066,2026-05-11 11:00:00,91.22,WIRE_TRANSFER,US
TXN_101461,CUST_1010,2026-06-23 03:00:00,831.0,ATM_WITHDRAWAL,US
TXN_101462,CUST_1055,2026-06-09 00:00:00,2166.03,PAYMENT,MX
TXN_101463,CUST_1011,2026-06-25 02:00:00,1682.2,CASH_DEPOSIT,US
TXN_101464,CUST_1086,2026-05-04 19:00:00,3049.74,PAYMENT,US
TXN_101465,CUST_1055,2026-06-02 06:00:00,25.25,PAYMENT,US
TXN_101466,CUST_1061,2026-06-17 07:00:00,929.3,CASH_DEPOSIT,CY
TXN_101467,CUST_1054,2026-06-24 03:00:00,950.27,CASH_DEPOSIT,US
TXN_101468,CUST_1012,2026-05-31 17:00:00,2430.19,PAYMENT,US
TXN_101469,CUST_1078,2026-06-02 19:00:00,1646.02,WIRE_TRANSFER,US
TXN_101470,CUST_1071,2026-06-01 15:00:00,362.35,WIRE_TRANSFER,US
TXN_101471,CUST_1084,2026-06-14 04:00:00,92.79,PAYMENT,US
TXN_101472,CUST_1012,2026-05-28 10:00:00,1565.98,CASH_DEPOSIT,MX
TXN_101473,CUST_1070,2026-06-07 02:00:00,2045.9,WIRE_TRANSFER,US
TXN_101474,CUST_1085,2026-05-08 16:00:00,2090.41,PAYMENT,US
TXN_101475,CUST_1041,2026-05-12 15:00:00,1044.3,WIRE_TRANSFER,US
TXN_101476,CUST_1022,2026-06-29 09:00:00,1739.01,CASH_DEPOSIT,MX
TXN_101477,CUST_1092,2026-06-19 19:00:00,102.43,PAYMENT,MX
TXN_101478,CUST_1007,2026-06-07 05:00:00,543.4,CASH_DEPOSIT,CA
TXN_101479,CUST_1030,2026-06-13 11:00:00,766.41,ATM_WITHDRAWAL,US
TXN_101480,CUST_1041,2026-06-17 11:00:00,3715.02,PAYMENT,CA
TXN_101481,CUST_1095,2026-05-06 11:00:00,231.54,ATM_WITHDRAWAL,US
TXN_101482,CUST_1053,2026-06-26 04:00:00,744.69,WIRE_TRANSFER,CA
TXN_101483,CUST_1089,2026-06-21 21:00:00,4262.43,ATM_WITHDRAWAL,MX
TXN_101484,CUST_1075,2026-06-22 05:00:00,1654.28,ATM_WITHDRAWAL,US
TXN_101485,CUST_1057,2026-06-28 15:00:00,479.73,WIRE_TRANSFER,US
TXN_101486,CUST_1019,2026-06-20 13:00:00,243.23,ATM_WITHDRAWAL,KY
TXN_101487,CUST_1032,2026-05-31 21:00:00,2769.18,PAYMENT,KY
TXN_101488,CUST_1061,2026-05-23 13:00:00,328.38,PAYMENT,US
TXN_101489,CUST_1002,2026-06-28 05:00:00,649.93,PAYMENT,US
TXN_101490,CUST_1029,2026-05-17 09:00:00,2512.71,ATM_WITHDRAWAL,US
TXN_101491,CUST_1090,2026-06-28 16:00:00,1953.6,PAYMENT,US
TXN_101492,CUST_1010,2026-06-07 05:00:00,1198.0,ATM_WITHDRAWAL,US
TXN_101493,CUST_1099,2026-06-06 16:00:00,1175.05,PAYMENT,CA
TXN_101494,CUST_1039,2026-05-19 02:00:00,678.94,WIRE_TRANSFER,US
TXN_101495,CUST_1046,2026-05-06 15:00:00,479.0,PAYMENT,US
TXN_101496,CUST_1042,2026-06-08 16:00:00,1398.73,CASH_DEPOSIT,US
TXN_101497,CUST_1054,2026-05-01 16:00:00,889.68,PAYMENT,MX
TXN_101498,CUST_1054,2026-05-25 06:00:00,1124.5,ATM_WITHDRAWAL,CY
TXN_101499,CUST_1070,2026-06-02 06:00:00,2769.29,WIRE_TRANSFER,US
